Domain Code,Domain,Area Code,Area,Element Code,Element,Item Code,Item,Year Code,Year,Unit,Value,Flag,Flag Description
"FBS","Food Balances (2010-)","2","Afghanistan","5511","Production","2734","Poultry Meat","2019","2019","1000 tonnes","28","Im","FAO data based on imputation methodology"
"FBS","Food Balances (2010-)","2","Afghanistan","645","Food supply quantity (kg/capita/yr)","2734","Poultry Meat","2019","2019","kg","1.76","Fc","Calculated data"
"FBS","Food Balances (2010-)","3","Albania","5511","Production","2734","Poultry Meat","2019","2019","1000 tonnes","12","Im","FAO data based on imputation methodology"
"FBS","Food Balances (2010-)","3","Albania","645","Food supply quantity (kg/capita/yr)","2734","Poultry Meat","2019","2019","kg","11.71","Fc","Calculated data"
"FBS","Food Balances (2010-)","4","Algeria","5511","Production","2734","Poultry Meat","2019","2019","1000 tonnes","291","Im","FAO data based on imputation methodology"
"FBS","Food Balances (2010-)","4","Algeria","645","Food supply quantity (kg/capita/yr)","2734","Poultry Meat","2019","2019","kg","6.67","Fc","Calculated data"
"FBS","Food Balances (2010-)","7","Angola","5511","Production","2734","Poultry Meat","2019","2019","1000 tonnes","49","Im","FAO data based on imputation methodology"
"FBS","Food Balances (2010-)","7","Angola","645","Food supply quantity (kg/capita/yr)","2734","Poultry Meat","2019","2019","kg","10.28","Fc","Calculated data"
"FBS","Food Balances (2010-)","8","Antigua and Barbuda","5511","Production","2734","Poultry Meat","2019","2019","1000 tonnes","0","Im","FAO data based on imputation methodology"
"FBS","Food Balances (2010-)","8","Antigua and Barbuda","645","Food supply quantity (kg/capita/yr)","2734","Poultry Meat","2019","2019","kg","61.49","Fc","Calculated data"
"FBS","Food Balances (2010-)","9","Argentina","5511","Production","2734","Poultry Meat","2019","2019","1000 tonnes","2248","Im","FAO data based on imputation methodology"
"FBS","Food Balances (2010-)","9","Argentina","645","Food supply quantity (kg/capita/yr)","2734","Poultry Meat","2019","2019","kg","45.1","Fc","Calculated data"
"FBS","Food Balances (2010-)","1","Armenia","5511","Production","2734","Poultry Meat","2019","2019","1000 tonnes","12","Im","FAO data based on imputation methodology"
"FBS","Food Balances (2010-)","1","Armenia","645","Food supply quantity (kg/capita/yr)","2734","Poultry Meat","2019","2019","kg","18.32","Fc","Calculated data"
"FBS","Food Balances (2010-)","10","Australia","5511","Production","2734","Poultry Meat","2019","2019","1000 tonnes","1278","Im","FAO data based on imputation methodology"
"FBS","Food Balances (2010-)","10","Australia","645","Food supply quantity (kg/capita/yr)","2734","Poultry Meat","2019","2019","kg","49.31","Fc","Calculated data"
"FBS","Food Balances (2010-)","11","Austria","5511","Production","2734","Poultry Meat","2019","2019","1000 tonnes","132","Im","FAO data based on imputation methodology"
"FBS","Food Balances (2010-)","11","Austria","645","Food supply quantity (kg/capita/yr)","2734","Poultry Meat","2019","2019","kg","17.72","Fc","Calculated data"
"FBS","Food Balances (2010-)","52","Azerbaijan","5511","Production","2734","Poultry Meat","2019","2019","1000 tonnes","112","Im","FAO data based on imputation methodology"
"FBS","Food Balances (2010-)","52","Azerbaijan","645","Food supply quantity (kg/capita/yr)","2734","Poultry Meat","2019","2019","kg","14.51","Fc","Calculated data"
"FBS","Food Balances (2010-)","12","Bahamas","5511","Production","2734","Poultry Meat","2019","2019","1000 tonnes","6","Im","FAO data based on imputation methodology"
"FBS","Food Balances (2010-)","12","Bahamas","645","Food supply quantity (kg/capita/yr)","2734","Poultry Meat","2019","2019","kg","53.11","Fc","Calculated data"
"FBS","Food Balances (2010-)","16","Bangladesh","5511","Production","2734","Poultry Meat","2019","2019","1000 tonnes","260","Im","FAO data based on imputation methodology"
"FBS","Food Balances (2010-)","16","Bangladesh","645","Food supply quantity (kg/capita/yr)","2734","Poultry Meat","2019","2019","kg","1.6","Fc","Calculated data"
"FBS","Food Balances (2010-)","14","Barbados","5511","Production","2734","Poultry Meat","2019","2019","1000 tonnes","16","Im","FAO data based on imputation methodology"
"FBS","Food Balances (2010-)","14","Barbados","645","Food supply quantity (kg/capita/yr)","2734","Poultry Meat","2019","2019","kg","48.96","Fc","Calculated data"
"FBS","Food Balances (2010-)","57","Belarus","5511","Production","2734","Poultry Meat","2019","2019","1000 tonnes","467","Im","FAO data based on imputation methodology"
"FBS","Food Balances (2010-)","57","Belarus","645","Food supply quantity (kg/capita/yr)","2734","Poultry Meat","2019","2019","kg","28.6","Fc","Calculated data"
"FBS","Food Balances (2010-)","255","Belgium","5511","Production","2734","Poultry Meat","2019","2019","1000 tonnes","448","Im","FAO data based on imputation methodology"
"FBS","Food Balances (2010-)","255","Belgium","645","Food supply quantity (kg/capita/yr)","2734","Poultry Meat","2019","2019","kg","12.54","Fc","Calculated data"
"FBS","Food Balances (2010-)","23","Belize","5511","Production","2734","Poultry Meat","2019","2019","1000 tonnes","21","Im","FAO data based on imputation methodology"
"FBS","Food Balances (2010-)","23","Belize","645","Food supply quantity (kg/capita/yr)","2734","Poultry Meat","2019","2019","kg","27.53","Fc","Calculated data"
"FBS","Food Balances (2010-)","53","Benin","5511","Production","2734","Poultry Meat","2019","2019","1000 tonnes","15","Im","FAO data based on imputation methodology"
"FBS","Food Balances (2010-)","53","Benin","645","Food supply quantity (kg/capita/yr)","2734","Poultry Meat","2019","2019","kg","10.22","Fc","Calculated data"
"FBS","Food Balances (2010-)","19","Bolivia (Plurinational State of)","5511","Production","2734","Poultry Meat","2019","2019","1000 tonnes","494","Im","FAO data based on imputation methodology"
"FBS","Food Balances (2010-)","19","Bolivia (Plurinational State of)","645","Food supply quantity (kg/capita/yr)","2734","Poultry Meat","2019","2019","kg","43.11","Fc","Calculated data"
"FBS","Food Balances (2010-)","80","Bosnia and Herzegovina","5511","Production","2734","Poultry Meat","2019","2019","1000 tonnes","70","Im","FAO data based on imputation methodology"
"FBS","Food Balances (2010-)","80","Bosnia and Herzegovina","645","Food supply quantity (kg/capita/yr)","2734","Poultry Meat","2019","2019","kg","16.82","Fc","Calculated data"
"FBS","Food Balances (2010-)","20","Botswana","5511","Production","2734","Poultry Meat","2019","2019","1000 tonnes","2","Im","FAO data based on imputation methodology"
"FBS","Food Balances (2010-)","20","Botswana","645","Food supply quantity (kg/capita/yr)","2734","Poultry Meat","2019","2019","kg","3.02","Fc","Calculated data"
"FBS","Food Balances (2010-)","21","Brazil","5511","Production","2734","Poultry Meat","2019","2019","1000 tonnes","14137","Im","FAO data based on imputation methodology"
"FBS","Food Balances (2010-)","21","Brazil","645","Food supply quantity (kg/capita/yr)","2734","Poultry Meat","2019","2019","kg","46.94","Fc","Calculated data"
"FBS","Food Balances (2010-)","27","Bulgaria","5511","Production","2734","Poultry Meat","2019","2019","1000 tonnes","109","Im","FAO data based on imputation methodology"
"FBS","Food Balances (2010-)","27","Bulgaria","645","Food supply quantity (kg/capita/yr)","2734","Poultry Meat","2019","2019","kg","22.78","Fc","Calculated data"
"FBS","Food Balances (2010-)","233","Burkina Faso","5511","Production","2734","Poultry Meat","2019","2019","1000 tonnes","44","Im","FAO data based on imputation methodology"
"FBS","Food Balances (2010-)","233","Burkina Faso","645","Food supply quantity (kg/capita/yr)","2734","Poultry Meat","2019","2019","kg","2.17","Fc","Calculated data"
"FBS","Food Balances (2010-)","29","Burundi","5511","Production","2734","Poultry Meat","2019","2019","1000 tonnes","7","Im","FAO data based on imputation methodology"
"FBS","Food Balances (2010-)","29","Burundi","645","Food supply quantity (kg/capita/yr)","2734","Poultry Meat","2019","2019","kg","0.45","Fc","Calculated data"
"FBS","Food Balances (2010-)","35","Cabo Verde","5511","Production","2734","Poultry Meat","2019","2019","1000 tonnes","1","Im","FAO data based on imputation methodology"
"FBS","Food Balances (2010-)","35","Cabo Verde","645","Food supply quantity (kg/capita/yr)","2734","Poultry Meat","2019","2019","kg","17.88","Fc","Calculated data"
"FBS","Food Balances (2010-)","115","Cambodia","5511","Production","2734","Poultry Meat","2019","2019","1000 tonnes","28","Im","FAO data based on imputation methodology"
"FBS","Food Balances (2010-)","115","Cambodia","645","Food supply quantity (kg/capita/yr)","2734","Poultry Meat","2019","2019","kg","2.15","Fc","Calculated data"
"FBS","Food Balances (2010-)","32","Cameroon","5511","Production","2734","Poultry Meat","2019","2019","1000 tonnes","84","Im","FAO data based on imputation methodology"
"FBS","Food Balances (2010-)","32","Cameroon","645","Food supply quantity (kg/capita/yr)","2734","Poultry Meat","2019","2019","kg","3.29","Fc","Calculated data"
"FBS","Food Balances (2010-)","33","Canada","5511","Production","2734","Poultry Meat","2019","2019","1000 tonnes","1504","Im","FAO data based on imputation methodology"
"FBS","Food Balances (2010-)","33","Canada","645","Food supply quantity (kg/capita/yr)","2734","Poultry Meat","2019","2019","kg","41.08","Fc","Calculated data"
"FBS","Food Balances (2010-)","37","Central African Republic","5511","Production","2734","Poultry Meat","2019","2019","1000 tonnes","7","Im","FAO data based on imputation methodology"
"FBS","Food Balances (2010-)","37","Central African Republic","645","Food supply quantity (kg/capita/yr)","2734","Poultry Meat","2019","2019","kg","2.79","Fc","Calculated data"
"FBS","Food Balances (2010-)","39","Chad","5511","Production","2734","Poultry Meat","2019","2019","1000 tonnes","7","Im","FAO data based on imputation methodology"
"FBS","Food Balances (2010-)","39","Chad","645","Food supply quantity (kg/capita/yr)","2734","Poultry Meat","2019","2019","kg","0.41","Fc","Calculated data"
"FBS","Food Balances (2010-)","40","Chile","5511","Production","2734","Poultry Meat","2019","2019","1000 tonnes","769","Im","FAO data based on imputation methodology"
"FBS","Food Balances (2010-)","40","Chile","645","Food supply quantity (kg/capita/yr)","2734","Poultry Meat","2019","2019","kg","35.87","Fc","Calculated data"
"FBS","Food Balances (2010-)","351","China","5511","Production","2734","Poultry Meat","2019","2019","1000 tonnes","21195","A","Aggregate, may include official, semi-official, estimated or calculated data"
"FBS","Food Balances (2010-)","351","China","645","Food supply quantity (kg/capita/yr)","2734","Poultry Meat","2019","2019","kg","14.82","Fc","Calculated data"
"FBS","Food Balances (2010-)","96","China, Hong Kong SAR","5511","Production","2734","Poultry Meat","2019","2019","1000 tonnes","19","Im","FAO data based on imputation methodology"
"FBS","Food Balances (2010-)","96","China, Hong Kong SAR","645","Food supply quantity (kg/capita/yr)","2734","Poultry Meat","2019","2019","kg","53.61","Fc","Calculated data"
"FBS","Food Balances (2010-)","128","China, Macao SAR","5511","Production","2734","Poultry Meat","2019","2019","1000 tonnes","3","Im","FAO data based on imputation methodology"
"FBS","Food Balances (2010-)","128","China, Macao SAR","645","Food supply quantity (kg/capita/yr)","2734","Poultry Meat","2019","2019","kg","34.76","Fc","Calculated data"
"FBS","Food Balances (2010-)","41","China, mainland","5511","Production","2734","Poultry Meat","2019","2019","1000 tonnes","20442","Im","FAO data based on imputation methodology"
"FBS","Food Balances (2010-)","41","China, mainland","645","Food supply quantity (kg/capita/yr)","2734","Poultry Meat","2019","2019","kg","14.21","Fc","Calculated data"
"FBS","Food Balances (2010-)","214","China, Taiwan Province of","5511","Production","2734","Poultry Meat","2019","2019","1000 tonnes","731","Im","FAO data based on imputation methodology"
"FBS","Food Balances (2010-)","214","China, Taiwan Province of","645","Food supply quantity (kg/capita/yr)","2734","Poultry Meat","2019","2019","kg","38.79","Fc","Calculated data"
"FBS","Food Balances (2010-)","44","Colombia","5511","Production","2734","Poultry Meat","2019","2019","1000 tonnes","1693","Im","FAO data based on imputation methodology"
"FBS","Food Balances (2010-)","44","Colombia","645","Food supply quantity (kg/capita/yr)","2734","Poultry Meat","2019","2019","kg","35.91","Fc","Calculated data"
"FBS","Food Balances (2010-)","45","Comoros","5511","Production","2734","Poultry Meat","2019","2019","1000 tonnes","1","Im","FAO data based on imputation methodology"
"FBS","Food Balances (2010-)","45","Comoros","645","Food supply quantity (kg/capita/yr)","2734","Poultry Meat","2019","2019","kg","6.23","Fc","Calculated data"
"FBS","Food Balances (2010-)","46","Congo","5511","Production","2734","Poultry Meat","2019","2019","1000 tonnes","7","Im","FAO data based on imputation methodology"
"FBS","Food Balances (2010-)","46","Congo","645","Food supply quantity (kg/capita/yr)","2734","Poultry Meat","2019","2019","kg","20.94","Fc","Calculated data"
"FBS","Food Balances (2010-)","48","Costa Rica","5511","Production","2734","Poultry Meat","2019","2019","1000 tonnes","145","Im","FAO data based on imputation methodology"
"FBS","Food Balances (2010-)","48","Costa Rica","645","Food supply quantity (kg/capita/yr)","2734","Poultry Meat","2019","2019","kg","27.07","Fc","Calculated data"
"FBS","Food Balances (2010-)","107","Côte d'Ivoire","5511","Production","2734","Poultry Meat","2019","2019","1000 tonnes","53","Im","FAO data based on imputation methodology"
"FBS","Food Balances (2010-)","107","Côte d'Ivoire","645","Food supply quantity (kg/capita/yr)","2734","Poultry Meat","2019","2019","kg","2.11","Fc","Calculated data"
"FBS","Food Balances (2010-)","98","Croatia","5511","Production","2734","Poultry Meat","2019","2019","1000 tonnes","54","Im","FAO data based on imputation methodology"
"FBS","Food Balances (2010-)","98","Croatia","645","Food supply quantity (kg/capita/yr)","2734","Poultry Meat","2019","2019","kg","16.57","Fc","Calculated data"
"FBS","Food Balances (2010-)","49","Cuba","5511","Production","2734","Poultry Meat","2019","2019","1000 tonnes","25","Im","FAO data based on imputation methodology"
"FBS","Food Balances (2010-)","49","Cuba","645","Food supply quantity (kg/capita/yr)","2734","Poultry Meat","2019","2019","kg","27.83","Fc","Calculated data"
"FBS","Food Balances (2010-)","50","Cyprus","5511","Production","2734","Poultry Meat","2019","2019","1000 tonnes","27","Im","FAO data based on imputation methodology"
"FBS","Food Balances (2010-)","50","Cyprus","645","Food supply quantity (kg/capita/yr)","2734","Poultry Meat","2019","2019","kg","25.93","Fc","Calculated data"
"FBS","Food Balances (2010-)","167","Czechia","5511","Production","2734","Poultry Meat","2019","2019","1000 tonnes","170","Im","FAO data based on imputation methodology"
"FBS","Food Balances (2010-)","167","Czechia","645","Food supply quantity (kg/capita/yr)","2734","Poultry Meat","2019","2019","kg","22.83","Fc","Calculated data"
"FBS","Food Balances (2010-)","116","Democratic People's Republic of Korea","5511","Production","2734","Poultry Meat","2019","2019","1000 tonnes","44","Im","FAO data based on imputation methodology"
"FBS","Food Balances (2010-)","116","Democratic People's Republic of Korea","645","Food supply quantity (kg/capita/yr)","2734","Poultry Meat","2019","2019","kg","1.61","Fc","Calculated data"
"FBS","Food Balances (2010-)","250","Democratic Republic of the Congo","5511","Production","2734","Poultry Meat","2019","2019","1000 tonnes","10","Im","FAO data based on imputation methodology"
"FBS","Food Balances (2010-)","250","Democratic Republic of the Congo","645","Food supply quantity (kg/capita/yr)","2734","Poultry Meat","2019","2019","kg","1.61","Fc","Calculated data"
"FBS","Food Balances (2010-)","54","Denmark","5511","Production","2734","Poultry Meat","2019","2019","1000 tonnes","158","Im","FAO data based on imputation methodology"
"FBS","Food Balances (2010-)","54","Denmark","645","Food supply quantity (kg/capita/yr)","2734","Poultry Meat","2019","2019","kg","25.22","Fc","Calculated data"
"FBS","Food Balances (2010-)","72","Djibouti","645","Food supply quantity (kg/capita/yr)","2734","Poultry Meat","2019","2019","kg","3.52","Fc","Calculated data"
"FBS","Food Balances (2010-)","55","Dominica","5511","Production","2734","Poultry Meat","2019","2019","1000 tonnes","0","Im","FAO data based on imputation methodology"
"FBS","Food Balances (2010-)","55","Dominica","645","Food supply quantity (kg/capita/yr)","2734","Poultry Meat","2019","2019","kg","40.58","Fc","Calculated data"
"FBS","Food Balances (2010-)","56","Dominican Republic","5511","Production","2734","Poultry Meat","2019","2019","1000 tonnes","355","Im","FAO data based on imputation methodology"
"FBS","Food Balances (2010-)","56","Dominican Republic","645","Food supply quantity (kg/capita/yr)","2734","Poultry Meat","2019","2019","kg","37.62","Fc","Calculated data"
"FBS","Food Balances (2010-)","58","Ecuador","5511","Production","2734","Poultry Meat","2019","2019","1000 tonnes","312","Im","FAO data based on imputation methodology"
"FBS","Food Balances (2010-)","58","Ecuador","645","Food supply quantity (kg/capita/yr)","2734","Poultry Meat","2019","2019","kg","17.99","Fc","Calculated data"
"FBS","Food Balances (2010-)","59","Egypt","5511","Production","2734","Poultry Meat","2019","2019","1000 tonnes","1443","Im","FAO data based on imputation methodology"
"FBS","Food Balances (2010-)","59","Egypt","645","Food supply quantity (kg/capita/yr)","2734","Poultry Meat","2019","2019","kg","14.85","Fc","Calculated data"
"FBS","Food Balances (2010-)","60","El Salvador","5511","Production","2734","Poultry Meat","2019","2019","1000 tonnes","147","Im","FAO data based on imputation methodology"
"FBS","Food Balances (2010-)","60","El Salvador","645","Food supply quantity (kg/capita/yr)","2734","Poultry Meat","2019","2019","kg","25.43","Fc","Calculated data"
"FBS","Food Balances (2010-)","63","Estonia","5511","Production","2734","Poultry Meat","2019","2019","1000 tonnes","20","Im","FAO data based on imputation methodology"
"FBS","Food Balances (2010-)","63","Estonia","645","Food supply quantity (kg/capita/yr)","2734","Poultry Meat","2019","2019","kg","21.96","Fc","Calculated data"
"FBS","Food Balances (2010-)","209","Eswatini","5511","Production","2734","Poultry Meat","2019","2019","1000 tonnes","6","Im","FAO data based on imputation methodology"
"FBS","Food Balances (2010-)","209","Eswatini","645","Food supply quantity (kg/capita/yr)","2734","Poultry Meat","2019","2019","kg","7.16","Fc","Calculated data"
"FBS","Food Balances (2010-)","238","Ethiopia","5511","Production","2734","Poultry Meat","2019","2019","1000 tonnes","77","Im","FAO data based on imputation methodology"
"FBS","Food Balances (2010-)","238","Ethiopia","645","Food supply quantity (kg/capita/yr)","2734","Poultry Meat","2019","2019","kg","0.69","Fc","Calculated data"
"FBS","Food Balances (2010-)","66","Fiji","5511","Production","2734","Poultry Meat","2019","2019","1000 tonnes","35","Im","FAO data based on imputation methodology"
"FBS","Food Balances (2010-)","66","Fiji","645","Food supply quantity (kg/capita/yr)","2734","Poultry Meat","2019","2019","kg","41.17","Fc","Calculated data"
"FBS","Food Balances (2010-)","67","Finland","5511","Production","2734","Poultry Meat","2019","2019","1000 tonnes","139","Im","FAO data based on imputation methodology"
"FBS","Food Balances (2010-)","67","Finland","645","Food supply quantity (kg/capita/yr)","2734","Poultry Meat","2019","2019","kg","19.82","Fc","Calculated data"
"FBS","Food Balances (2010-)","68","France","5511","Production","2734","Poultry Meat","2019","2019","1000 tonnes","1660","Im","FAO data based on imputation methodology"
"FBS","Food Balances (2010-)","68","France","645","Food supply quantity (kg/capita/yr)","2734","Poultry Meat","2019","2019","kg","23.39","Fc","Calculated data"
"FBS","Food Balances (2010-)","70","French Polynesia","5511","Production","2734","Poultry Meat","2019","2019","1000 tonnes","1","Im","FAO data based on imputation methodology"
"FBS","Food Balances (2010-)","70","French Polynesia","645","Food supply quantity (kg/capita/yr)","2734","Poultry Meat","2019","2019","kg","49.66","Fc","Calculated data"
"FBS","Food Balances (2010-)","74","Gabon","5511","Production","2734","Poultry Meat","2019","2019","1000 tonnes","4","Im","FAO data based on imputation methodology"
"FBS","Food Balances (2010-)","74","Gabon","645","Food supply quantity (kg/capita/yr)","2734","Poultry Meat","2019","2019","kg","34.77","Fc","Calculated data"
"FBS","Food Balances (2010-)","75","Gambia","5511","Production","2734","Poultry Meat","2019","2019","1000 tonnes","2","Im","FAO data based on imputation methodology"
"FBS","Food Balances (2010-)","75","Gambia","645","Food supply quantity (kg/capita/yr)","2734","Poultry Meat","2019","2019","kg","11.25","Fc","Calculated data"
"FBS","Food Balances (2010-)","73","Georgia","5511","Production","2734","Poultry Meat","2019","2019","1000 tonnes","22","Im","FAO data based on imputation methodology"
"FBS","Food Balances (2010-)","73","Georgia","645","Food supply quantity (kg/capita/yr)","2734","Poultry Meat","2019","2019","kg","16.91","Fc","Calculated data"
"FBS","Food Balances (2010-)","79","Germany","5511","Production","2734","Poultry Meat","2019","2019","1000 tonnes","1544","Im","FAO data based on imputation methodology"
"FBS","Food Balances (2010-)","79","Germany","645","Food supply quantity (kg/capita/yr)","2734","Poultry Meat","2019","2019","kg","18.01","Fc","Calculated data"
"FBS","Food Balances (2010-)","81","Ghana","5511","Production","2734","Poultry Meat","2019","2019","1000 tonnes","66","Im","FAO data based on imputation methodology"
"FBS","Food Balances (2010-)","81","Ghana","645","Food supply quantity (kg/capita/yr)","2734","Poultry Meat","2019","2019","kg","7.21","Fc","Calculated data"
"FBS","Food Balances (2010-)","84","Greece","5511","Production","2734","Poultry Meat","2019","2019","1000 tonnes","230","Im","FAO data based on imputation methodology"
"FBS","Food Balances (2010-)","84","Greece","645","Food supply quantity (kg/capita/yr)","2734","Poultry Meat","2019","2019","kg","25.61","Fc","Calculated data"
"FBS","Food Balances (2010-)","86","Grenada","5511","Production","2734","Poultry Meat","2019","2019","1000 tonnes","0","Im","FAO data based on imputation methodology"
"FBS","Food Balances (2010-)","86","Grenada","645","Food supply quantity (kg/capita/yr)","2734","Poultry Meat","2019","2019","kg","44.81","Fc","Calculated data"
"FBS","Food Balances (2010-)","89","Guatemala","5511","Production","2734","Poultry Meat","2019","2019","1000 tonnes","234","Im","FAO data based on imputation methodology"
"FBS","Food Balances (2010-)","89","Guatemala","645","Food supply quantity (kg/capita/yr)","2734","Poultry Meat","2019","2019","kg","19.34","Fc","Calculated data"
"FBS","Food Balances (2010-)","90","Guinea","5511","Production","2734","Poultry Meat","2019","2019","1000 tonnes","11","Im","FAO data based on imputation methodology"
"FBS","Food Balances (2010-)","90","Guinea","645","Food supply quantity (kg/capita/yr)","2734","Poultry Meat","2019","2019","kg","2.72","Fc","Calculated data"
"FBS","Food Balances (2010-)","175","Guinea-Bissau","5511","Production","2734","Poultry Meat","2019","2019","1000 tonnes","3","Im","FAO data based on imputation methodology"
"FBS","Food Balances (2010-)","175","Guinea-Bissau","645","Food supply quantity (kg/capita/yr)","2734","Poultry Meat","2019","2019","kg","2.51","Fc","Calculated data"
"FBS","Food Balances (2010-)","91","Guyana","5511","Production","2734","Poultry Meat","2019","2019","1000 tonnes","39","Im","FAO data based on imputation methodology"
"FBS","Food Balances (2010-)","91","Guyana","645","Food supply quantity (kg/capita/yr)","2734","Poultry Meat","2019","2019","kg","41.48","Fc","Calculated data"
"FBS","Food Balances (2010-)","93","Haiti","5511","Production","2734","Poultry Meat","2019","2019","1000 tonnes","9","Im","FAO data based on imputation methodology"
"FBS","Food Balances (2010-)","93","Haiti","645","Food supply quantity (kg/capita/yr)","2734","Poultry Meat","2019","2019","kg","8.93","Fc","Calculated data"
"FBS","Food Balances (2010-)","95","Honduras","5511","Production","2734","Poultry Meat","2019","2019","1000 tonnes","218","Im","FAO data based on imputation methodology"
"FBS","Food Balances (2010-)","95","Honduras","645","Food supply quantity (kg/capita/yr)","2734","Poultry Meat","2019","2019","kg","23.72","Fc","Calculated data"
"FBS","Food Balances (2010-)","97","Hungary","5511","Production","2734","Poultry Meat","2019","2019","1000 tonnes","532","Im","FAO data based on imputation methodology"
"FBS","Food Balances (2010-)","97","Hungary","645","Food supply quantity (kg/capita/yr)","2734","Poultry Meat","2019","2019","kg","26.61","Fc","Calculated data"
"FBS","Food Balances (2010-)","99","Iceland","5511","Production","2734","Poultry Meat","2019","2019","1000 tonnes","10","Im","FAO data based on imputation methodology"
"FBS","Food Balances (2010-)","99","Iceland","645","Food supply quantity (kg/capita/yr)","2734","Poultry Meat","2019","2019","kg","31.38","Fc","Calculated data"
"FBS","Food Balances (2010-)","100","India","5511","Production","2734","Poultry Meat","2019","2019","1000 tonnes","4232","Im","FAO data based on imputation methodology"
"FBS","Food Balances (2010-)","100","India","645","Food supply quantity (kg/capita/yr)","2734","Poultry Meat","2019","2019","kg","3.09","Fc","Calculated data"
"FBS","Food Balances (2010-)","101","Indonesia","5511","Production","2734","Poultry Meat","2019","2019","1000 tonnes","3539","Im","FAO data based on imputation methodology"
"FBS","Food Balances (2010-)","101","Indonesia","645","Food supply quantity (kg/capita/yr)","2734","Poultry Meat","2019","2019","kg","8.04","Fc","Calculated data"
"FBS","Food Balances (2010-)","102","Iran (Islamic Republic of)","5511","Production","2734","Poultry Meat","2019","2019","1000 tonnes","2292","Im","FAO data based on imputation methodology"
"FBS","Food Balances (2010-)","102","Iran (Islamic Republic of)","645","Food supply quantity (kg/capita/yr)","2734","Poultry Meat","2019","2019","kg","27.04","Fc","Calculated data"
"FBS","Food Balances (2010-)","103","Iraq","5511","Production","2734","Poultry Meat","2019","2019","1000 tonnes","101","Im","FAO data based on imputation methodology"
"FBS","Food Balances (2010-)","103","Iraq","645","Food supply quantity (kg/capita/yr)","2734","Poultry Meat","2019","2019","kg","6.12","Fc","Calculated data"
"FBS","Food Balances (2010-)","104","Ireland","5511","Production","2734","Poultry Meat","2019","2019","1000 tonnes","154","Im","FAO data based on imputation methodology"
"FBS","Food Balances (2010-)","104","Ireland","645","Food supply quantity (kg/capita/yr)","2734","Poultry Meat","2019","2019","kg","26.71","Fc","Calculated data"
"FBS","Food Balances (2010-)","105","Israel","5511","Production","2734","Poultry Meat","2019","2019","1000 tonnes","617","Im","FAO data based on imputation methodology"
"FBS","Food Balances (2010-)","105","Israel","645","Food supply quantity (kg/capita/yr)","2734","Poultry Meat","2019","2019","kg","71.68","Fc","Calculated data"
"FBS","Food Balances (2010-)","106","Italy","5511","Production","2734","Poultry Meat","2019","2019","1000 tonnes","1358","Im","FAO data based on imputation methodology"
"FBS","Food Balances (2010-)","106","Italy","645","Food supply quantity (kg/capita/yr)","2734","Poultry Meat","2019","2019","kg","18.76","Fc","Calculated data"
"FBS","Food Balances (2010-)","109","Jamaica","5511","Production","2734","Poultry Meat","2019","2019","1000 tonnes","134","Im","FAO data based on imputation methodology"
"FBS","Food Balances (2010-)","109","Jamaica","645","Food supply quantity (kg/capita/yr)","2734","Poultry Meat","2019","2019","kg","54.61","Fc","Calculated data"
"FBS","Food Balances (2010-)","110","Japan","5511","Production","2734","Poultry Meat","2019","2019","1000 tonnes","2298","Im","FAO data based on imputation methodology"
"FBS","Food Balances (2010-)","110","Japan","645","Food supply quantity (kg/capita/yr)","2734","Poultry Meat","2019","2019","kg","19.34","Fc","Calculated data"
"FBS","Food Balances (2010-)","112","Jordan","5511","Production","2734","Poultry Meat","2019","2019","1000 tonnes","185","Im","FAO data based on imputation methodology"
"FBS","Food Balances (2010-)","112","Jordan","645","Food supply quantity (kg/capita/yr)","2734","Poultry Meat","2019","2019","kg","23.44","Fc","Calculated data"
"FBS","Food Balances (2010-)","108","Kazakhstan","5511","Production","2734","Poultry Meat","2019","2019","1000 tonnes","214","Im","FAO data based on imputation methodology"
"FBS","Food Balances (2010-)","108","Kazakhstan","645","Food supply quantity (kg/capita/yr)","2734","Poultry Meat","2019","2019","kg","19.17","Fc","Calculated data"
"FBS","Food Balances (2010-)","114","Kenya","5511","Production","2734","Poultry Meat","2019","2019","1000 tonnes","89","Im","FAO data based on imputation methodology"
"FBS","Food Balances (2010-)","114","Kenya","645","Food supply quantity (kg/capita/yr)","2734","Poultry Meat","2019","2019","kg","1.62","Fc","Calculated data"
"FBS","Food Balances (2010-)","83","Kiribati","5511","Production","2734","Poultry Meat","2019","2019","1000 tonnes","1","Im","FAO data based on imputation methodology"
"FBS","Food Balances (2010-)","83","Kiribati","645","Food supply quantity (kg/capita/yr)","2734","Poultry Meat","2019","2019","kg","15.31","Fc","Calculated data"
"FBS","Food Balances (2010-)","118","Kuwait","5511","Production","2734","Poultry Meat","2019","2019","1000 tonnes","56","Im","FAO data based on imputation methodology"
"FBS","Food Balances (2010-)","118","Kuwait","645","Food supply quantity (kg/capita/yr)","2734","Poultry Meat","2019","2019","kg","48.55","Fc","Calculated data"
"FBS","Food Balances (2010-)","113","Kyrgyzstan","5511","Production","2734","Poultry Meat","2019","2019","1000 tonnes","8","Im","FAO data based on imputation methodology"
"FBS","Food Balances (2010-)","113","Kyrgyzstan","645","Food supply quantity (kg/capita/yr)","2734","Poultry Meat","2019","2019","kg","6.5","Fc","Calculated data"
"FBS","Food Balances (2010-)","120","Lao People's Democratic Republic","5511","Production","2734","Poultry Meat","2019","2019","1000 tonnes","36","Im","FAO data based on imputation methodology"
"FBS","Food Balances (2010-)","120","Lao People's Democratic Republic","645","Food supply quantity (kg/capita/yr)","2734","Poultry Meat","2019","2019","kg","5.59","Fc","Calculated data"
"FBS","Food Balances (2010-)","119","Latvia","5511","Production","2734","Poultry Meat","2019","2019","1000 tonnes","35","Im","FAO data based on imputation methodology"
"FBS","Food Balances (2010-)","119","Latvia","645","Food supply quantity (kg/capita/yr)","2734","Poultry Meat","2019","2019","kg","20.96","Fc","Calculated data"
"FBS","Food Balances (2010-)","121","Lebanon","5511","Production","2734","Poultry Meat","2019","2019","1000 tonnes","126","Im","FAO data based on imputation methodology"
"FBS","Food Balances (2010-)","121","Lebanon","645","Food supply quantity (kg/capita/yr)","2734","Poultry Meat","2019","2019","kg","17.39","Fc","Calculated data"
"FBS","Food Balances (2010-)","122","Lesotho","5511","Production","2734","Poultry Meat","2019","2019","1000 tonnes","2","Im","FAO data based on imputation methodology"
"FBS","Food Balances (2010-)","122","Lesotho","645","Food supply quantity (kg/capita/yr)","2734","Poultry Meat","2019","2019","kg","7.43","Fc","Calculated data"
"FBS","Food Balances (2010-)","123","Liberia","5511","Production","2734","Poultry Meat","2019","2019","1000 tonnes","16","Im","FAO data based on imputation methodology"
"FBS","Food Balances (2010-)","123","Liberia","645","Food supply quantity (kg/capita/yr)","2734","Poultry Meat","2019","2019","kg","10.52","Fc","Calculated data"
"FBS","Food Balances (2010-)","124","Libya","5511","Production","2734","Poultry Meat","2019","2019","1000 tonnes","124","Im","FAO data based on imputation methodology"
"FBS","Food Balances (2010-)","124","Libya","645","Food supply quantity (kg/capita/yr)","2734","Poultry Meat","2019","2019","kg","29.5","Fc","Calculated data"
"FBS","Food Balances (2010-)","126","Lithuania","5511","Production","2734","Poultry Meat","2019","2019","1000 tonnes","100","Im","FAO data based on imputation methodology"
"FBS","Food Balances (2010-)","126","Lithuania","645","Food supply quantity (kg/capita/yr)","2734","Poultry Meat","2019","2019","kg","30.25","Fc","Calculated data"
"FBS","Food Balances (2010-)","256","Luxembourg","5511","Production","2734","Poultry Meat","2019","2019","1000 tonnes","0","Im","FAO data based on imputation methodology"
"FBS","Food Balances (2010-)","256","Luxembourg","645","Food supply quantity (kg/capita/yr)","2734","Poultry Meat","2019","2019","kg","19.33","Fc","Calculated data"
"FBS","Food Balances (2010-)","129","Madagascar","5511","Production","2734","Poultry Meat","2019","2019","1000 tonnes","85","Im","FAO data based on imputation methodology"
"FBS","Food Balances (2010-)","129","Madagascar","645","Food supply quantity (kg/capita/yr)","2734","Poultry Meat","2019","2019","kg","3.17","Fc","Calculated data"
"FBS","Food Balances (2010-)","130","Malawi","5511","Production","2734","Poultry Meat","2019","2019","1000 tonnes","136","Im","FAO data based on imputation methodology"
"FBS","Food Balances (2010-)","130","Malawi","645","Food supply quantity (kg/capita/yr)","2734","Poultry Meat","2019","2019","kg","7.3","Fc","Calculated data"
"FBS","Food Balances (2010-)","131","Malaysia","5511","Production","2734","Poultry Meat","2019","2019","1000 tonnes","1717","Im","FAO data based on imputation methodology"
"FBS","Food Balances (2010-)","131","Malaysia","645","Food supply quantity (kg/capita/yr)","2734","Poultry Meat","2019","2019","kg","39.25","Fc","Calculated data"
"FBS","Food Balances (2010-)","132","Maldives","645","Food supply quantity (kg/capita/yr)","2734","Poultry Meat","2019","2019","kg","13.18","Fc","Calculated data"
"FBS","Food Balances (2010-)","133","Mali","5511","Production","2734","Poultry Meat","2019","2019","1000 tonnes","55","Im","FAO data based on imputation methodology"
"FBS","Food Balances (2010-)","133","Mali","645","Food supply quantity (kg/capita/yr)","2734","Poultry Meat","2019","2019","kg","2.43","Fc","Calculated data"
"FBS","Food Balances (2010-)","134","Malta","5511","Production","2734","Poultry Meat","2019","2019","1000 tonnes","4","Im","FAO data based on imputation methodology"
"FBS","Food Balances (2010-)","134","Malta","645","Food supply quantity (kg/capita/yr)","2734","Poultry Meat","2019","2019","kg","25.4","Fc","Calculated data"
"FBS","Food Balances (2010-)","136","Mauritania","5511","Production","2734","Poultry Meat","2019","2019","1000 tonnes","5","Im","FAO data based on imputation methodology"
"FBS","Food Balances (2010-)","136","Mauritania","645","Food supply quantity (kg/capita/yr)","2734","Poultry Meat","2019","2019","kg","6.73","Fc","Calculated data"
"FBS","Food Balances (2010-)","137","Mauritius","5511","Production","2734","Poultry Meat","2019","2019","1000 tonnes","51","Im","FAO data based on imputation methodology"
"FBS","Food Balances (2010-)","137","Mauritius","645","Food supply quantity (kg/capita/yr)","2734","Poultry Meat","2019","2019","kg","41.84","Fc","Calculated data"
"FBS","Food Balances (2010-)","138","Mexico","5511","Production","2734","Poultry Meat","2019","2019","1000 tonnes","3515","Im","FAO data based on imputation methodology"
"FBS","Food Balances (2010-)","138","Mexico","645","Food supply quantity (kg/capita/yr)","2734","Poultry Meat","2019","2019","kg","35.61","Fc","Calculated data"
"FBS","Food Balances (2010-)","141","Mongolia","5511","Production","2734","Poultry Meat","2019","2019","1000 tonnes","0","Im","FAO data based on imputation methodology"
"FBS","Food Balances (2010-)","141","Mongolia","645","Food supply quantity (kg/capita/yr)","2734","Poultry Meat","2019","2019","kg","3.08","Fc","Calculated data"
"FBS","Food Balances (2010-)","273","Montenegro","5511","Production","2734","Poultry Meat","2019","2019","1000 tonnes","4","Im","FAO data based on imputation methodology"
"FBS","Food Balances (2010-)","273","Montenegro","645","Food supply quantity (kg/capita/yr)","2734","Poultry Meat","2019","2019","kg","16.42","Fc","Calculated data"
"FBS","Food Balances (2010-)","143","Morocco","5511","Production","2734","Poultry Meat","2019","2019","1000 tonnes","861","Im","FAO data based on imputation methodology"
"FBS","Food Balances (2010-)","143","Morocco","645","Food supply quantity (kg/capita/yr)","2734","Poultry Meat","2019","2019","kg","20.6","Fc","Calculated data"
"FBS","Food Balances (2010-)","144","Mozambique","5511","Production","2734","Poultry Meat","2019","2019","1000 tonnes","112","Im","FAO data based on imputation methodology"
"FBS","Food Balances (2010-)","144","Mozambique","645","Food supply quantity (kg/capita/yr)","2734","Poultry Meat","2019","2019","kg","3.94","Fc","Calculated data"
"FBS","Food Balances (2010-)","28","Myanmar","5511","Production","2734","Poultry Meat","2019","2019","1000 tonnes","1817","Im","FAO data based on imputation methodology"
"FBS","Food Balances (2010-)","28","Myanmar","645","Food supply quantity (kg/capita/yr)","2734","Poultry Meat","2019","2019","kg","32.28","Fc","Calculated data"
"FBS","Food Balances (2010-)","147","Namibia","5511","Production","2734","Poultry Meat","2019","2019","1000 tonnes","11","Im","FAO data based on imputation methodology"
"FBS","Food Balances (2010-)","147","Namibia","645","Food supply quantity (kg/capita/yr)","2734","Poultry Meat","2019","2019","kg","11.46","Fc","Calculated data"
"FBS","Food Balances (2010-)","149","Nepal","5511","Production","2734","Poultry Meat","2019","2019","1000 tonnes","63","Im","FAO data based on imputation methodology"
"FBS","Food Balances (2010-)","149","Nepal","645","Food supply quantity (kg/capita/yr)","2734","Poultry Meat","2019","2019","kg","2.21","Fc","Calculated data"
"FBS","Food Balances (2010-)","150","Netherlands","5511","Production","2734","Poultry Meat","2019","2019","1000 tonnes","1036","Im","FAO data based on imputation methodology"
"FBS","Food Balances (2010-)","150","Netherlands","645","Food supply quantity (kg/capita/yr)","2734","Poultry Meat","2019","2019","kg","5.34","Fc","Calculated data"
"FBS","Food Balances (2010-)","153","New Caledonia","5511","Production","2734","Poultry Meat","2019","2019","1000 tonnes","1","Im","FAO data based on imputation methodology"
"FBS","Food Balances (2010-)","153","New Caledonia","645","Food supply quantity (kg/capita/yr)","2734","Poultry Meat","2019","2019","kg","37.11","Fc","Calculated data"
"FBS","Food Balances (2010-)","156","New Zealand","5511","Production","2734","Poultry Meat","2019","2019","1000 tonnes","240","Im","FAO data based on imputation methodology"
"FBS","Food Balances (2010-)","156","New Zealand","645","Food supply quantity (kg/capita/yr)","2734","Poultry Meat","2019","2019","kg","29.51","Fc","Calculated data"
"FBS","Food Balances (2010-)","157","Nicaragua","5511","Production","2734","Poultry Meat","2019","2019","1000 tonnes","140","Im","FAO data based on imputation methodology"
"FBS","Food Balances (2010-)","157","Nicaragua","645","Food supply quantity (kg/capita/yr)","2734","Poultry Meat","2019","2019","kg","19.98","Fc","Calculated data"
"FBS","Food Balances (2010-)","158","Niger","5511","Production","2734","Poultry Meat","2019","2019","1000 tonnes","19","Im","FAO data based on imputation methodology"
"FBS","Food Balances (2010-)","158","Niger","645","Food supply quantity (kg/capita/yr)","2734","Poultry Meat","2019","2019","kg","1.12","Fc","Calculated data"
"FBS","Food Balances (2010-)","159","Nigeria","5511","Production","2734","Poultry Meat","2019","2019","1000 tonnes","240","Im","FAO data based on imputation methodology"
"FBS","Food Balances (2010-)","159","Nigeria","645","Food supply quantity (kg/capita/yr)","2734","Poultry Meat","2019","2019","kg","1.25","Fc","Calculated data"
"FBS","Food Balances (2010-)","154","North Macedonia","5511","Production","2734","Poultry Meat","2019","2019","1000 tonnes","1","Im","FAO data based on imputation methodology"
"FBS","Food Balances (2010-)","154","North Macedonia","645","Food supply quantity (kg/capita/yr)","2734","Poultry Meat","2019","2019","kg","20.03","Fc","Calculated data"
"FBS","Food Balances (2010-)","162","Norway","5511","Production","2734","Poultry Meat","2019","2019","1000 tonnes","107","Im","FAO data based on imputation methodology"
"FBS","Food Balances (2010-)","162","Norway","645","Food supply quantity (kg/capita/yr)","2734","Poultry Meat","2019","2019","kg","20.11","Fc","Calculated data"
"FBS","Food Balances (2010-)","221","Oman","5511","Production","2734","Poultry Meat","2019","2019","1000 tonnes","7","Im","FAO data based on imputation methodology"
"FBS","Food Balances (2010-)","221","Oman","645","Food supply quantity (kg/capita/yr)","2734","Poultry Meat","2019","2019","kg","22.68","Fc","Calculated data"
"FBS","Food Balances (2010-)","165","Pakistan","5511","Production","2734","Poultry Meat","2019","2019","1000 tonnes","1523","Im","FAO data based on imputation methodology"
"FBS","Food Balances (2010-)","165","Pakistan","645","Food supply quantity (kg/capita/yr)","2734","Poultry Meat","2019","2019","kg","4.91","Fc","Calculated data"
"FBS","Food Balances (2010-)","166","Panama","5511","Production","2734","Poultry Meat","2019","2019","1000 tonnes","224","Im","FAO data based on imputation methodology"
"FBS","Food Balances (2010-)","166","Panama","645","Food supply quantity (kg/capita/yr)","2734","Poultry Meat","2019","2019","kg","56.27","Fc","Calculated data"
"FBS","Food Balances (2010-)","168","Papua New Guinea","5511","Production","2734","Poultry Meat","2019","2019","1000 tonnes","7","Im","FAO data based on imputation methodology"
"FBS","Food Balances (2010-)","168","Papua New Guinea","645","Food supply quantity (kg/capita/yr)","2734","Poultry Meat","2019","2019","kg","3.83","Fc","Calculated data"
"FBS","Food Balances (2010-)","169","Paraguay","5511","Production","2734","Poultry Meat","2019","2019","1000 tonnes","77","Im","FAO data based on imputation methodology"
"FBS","Food Balances (2010-)","169","Paraguay","645","Food supply quantity (kg/capita/yr)","2734","Poultry Meat","2019","2019","kg","10.21","Fc","Calculated data"
"FBS","Food Balances (2010-)","170","Peru","5511","Production","2734","Poultry Meat","2019","2019","1000 tonnes","1763","Im","FAO data based on imputation methodology"
"FBS","Food Balances (2010-)","170","Peru","645","Food supply quantity (kg/capita/yr)","2734","Poultry Meat","2019","2019","kg","40.5","Fc","Calculated data"
"FBS","Food Balances (2010-)","171","Philippines","5511","Production","2734","Poultry Meat","2019","2019","1000 tonnes","1466","Im","FAO data based on imputation methodology"
"FBS","Food Balances (2010-)","171","Philippines","645","Food supply quantity (kg/capita/yr)","2734","Poultry Meat","2019","2019","kg","13.29","Fc","Calculated data"
"FBS","Food Balances (2010-)","173","Poland","5511","Production","2734","Poultry Meat","2019","2019","1000 tonnes","2558","Im","FAO data based on imputation methodology"
"FBS","Food Balances (2010-)","173","Poland","645","Food supply quantity (kg/capita/yr)","2734","Poultry Meat","2019","2019","kg","28.51","Fc","Calculated data"
"FBS","Food Balances (2010-)","174","Portugal","5511","Production","2734","Poultry Meat","2019","2019","1000 tonnes","350","Im","FAO data based on imputation methodology"
"FBS","Food Balances (2010-)","174","Portugal","645","Food supply quantity (kg/capita/yr)","2734","Poultry Meat","2019","2019","kg","32.68","Fc","Calculated data"
"FBS","Food Balances (2010-)","117","Republic of Korea","5511","Production","2734","Poultry Meat","2019","2019","1000 tonnes","951","Im","FAO data based on imputation methodology"
"FBS","Food Balances (2010-)","117","Republic of Korea","645","Food supply quantity (kg/capita/yr)","2734","Poultry Meat","2019","2019","kg","21.19","Fc","Calculated data"
"FBS","Food Balances (2010-)","146","Republic of Moldova","5511","Production","2734","Poultry Meat","2019","2019","1000 tonnes","43","Im","FAO data based on imputation methodology"
"FBS","Food Balances (2010-)","146","Republic of Moldova","645","Food supply quantity (kg/capita/yr)","2734","Poultry Meat","2019","2019","kg","16.67","Fc","Calculated data"
"FBS","Food Balances (2010-)","183","Romania","5511","Production","2734","Poultry Meat","2019","2019","1000 tonnes","507","Im","FAO data based on imputation methodology"
"FBS","Food Balances (2010-)","183","Romania","645","Food supply quantity (kg/capita/yr)","2734","Poultry Meat","2019","2019","kg","23.85","Fc","Calculated data"
"FBS","Food Balances (2010-)","185","Russian Federation","5511","Production","2734","Poultry Meat","2019","2019","1000 tonnes","4606","Im","FAO data based on imputation methodology"
"FBS","Food Balances (2010-)","185","Russian Federation","645","Food supply quantity (kg/capita/yr)","2734","Poultry Meat","2019","2019","kg","31.35","Fc","Calculated data"
"FBS","Food Balances (2010-)","184","Rwanda","5511","Production","2734","Poultry Meat","2019","2019","1000 tonnes","19","Im","FAO data based on imputation methodology"
"FBS","Food Balances (2010-)","184","Rwanda","645","Food supply quantity (kg/capita/yr)","2734","Poultry Meat","2019","2019","kg","1.68","Fc","Calculated data"
"FBS","Food Balances (2010-)","188","Saint Kitts and Nevis","5511","Production","2734","Poultry Meat","2019","2019","1000 tonnes","0","Im","FAO data based on imputation methodology"
"FBS","Food Balances (2010-)","188","Saint Kitts and Nevis","645","Food supply quantity (kg/capita/yr)","2734","Poultry Meat","2019","2019","kg","51.75","Fc","Calculated data"
"FBS","Food Balances (2010-)","189","Saint Lucia","5511","Production","2734","Poultry Meat","2019","2019","1000 tonnes","1","Im","FAO data based on imputation methodology"
"FBS","Food Balances (2010-)","189","Saint Lucia","645","Food supply quantity (kg/capita/yr)","2734","Poultry Meat","2019","2019","kg","30.68","Fc","Calculated data"
"FBS","Food Balances (2010-)","191","Saint Vincent and the Grenadines","5511","Production","2734","Poultry Meat","2019","2019","1000 tonnes","0","Im","FAO data based on imputation methodology"
"FBS","Food Balances (2010-)","191","Saint Vincent and the Grenadines","645","Food supply quantity (kg/capita/yr)","2734","Poultry Meat","2019","2019","kg","76.77","Fc","Calculated data"
"FBS","Food Balances (2010-)","244","Samoa","5511","Production","2734","Poultry Meat","2019","2019","1000 tonnes","0","Im","FAO data based on imputation methodology"
"FBS","Food Balances (2010-)","244","Samoa","645","Food supply quantity (kg/capita/yr)","2734","Poultry Meat","2019","2019","kg","65.05","Fc","Calculated data"
"FBS","Food Balances (2010-)","193","Sao Tome and Principe","5511","Production","2734","Poultry Meat","2019","2019","1000 tonnes","1","Im","FAO data based on imputation methodology"
"FBS","Food Balances (2010-)","193","Sao Tome and Principe","645","Food supply quantity (kg/capita/yr)","2734","Poultry Meat","2019","2019","kg","13.37","Fc","Calculated data"
"FBS","Food Balances (2010-)","194","Saudi Arabia","5511","Production","2734","Poultry Meat","2019","2019","1000 tonnes","800","Im","FAO data based on imputation methodology"
"FBS","Food Balances (2010-)","194","Saudi Arabia","645","Food supply quantity (kg/capita/yr)","2734","Poultry Meat","2019","2019","kg","41.83","Fc","Calculated data"
"FBS","Food Balances (2010-)","195","Senegal","5511","Production","2734","Poultry Meat","2019","2019","1000 tonnes","114","Im","FAO data based on imputation methodology"
"FBS","Food Balances (2010-)","195","Senegal","645","Food supply quantity (kg/capita/yr)","2734","Poultry Meat","2019","2019","kg","7.04","Fc","Calculated data"
"FBS","Food Balances (2010-)","272","Serbia","5511","Production","2734","Poultry Meat","2019","2019","1000 tonnes","104","Im","FAO data based on imputation methodology"
"FBS","Food Balances (2010-)","272","Serbia","645","Food supply quantity (kg/capita/yr)","2734","Poultry Meat","2019","2019","kg","12.72","Fc","Calculated data"
"FBS","Food Balances (2010-)","196","Seychelles","5511","Production","2734","Poultry Meat","2019","2019","1000 tonnes","1","Im","FAO data based on imputation methodology"
"FBS","Food Balances (2010-)","196","Seychelles","645","Food supply quantity (kg/capita/yr)","2734","Poultry Meat","2019","2019","kg","40.2","Fc","Calculated data"
"FBS","Food Balances (2010-)","197","Sierra Leone","5511","Production","2734","Poultry Meat","2019","2019","1000 tonnes","20","Im","FAO data based on imputation methodology"
"FBS","Food Balances (2010-)","197","Sierra Leone","645","Food supply quantity (kg/capita/yr)","2734","Poultry Meat","2019","2019","kg","4.04","Fc","Calculated data"
"FBS","Food Balances (2010-)","199","Slovakia","5511","Production","2734","Poultry Meat","2019","2019","1000 tonnes","71","Im","FAO data based on imputation methodology"
"FBS","Food Balances (2010-)","199","Slovakia","645","Food supply quantity (kg/capita/yr)","2734","Poultry Meat","2019","2019","kg","14.79","Fc","Calculated data"
"FBS","Food Balances (2010-)","198","Slovenia","5511","Production","2734","Poultry Meat","2019","2019","1000 tonnes","70","Im","FAO data based on imputation methodology"
"FBS","Food Balances (2010-)","198","Slovenia","645","Food supply quantity (kg/capita/yr)","2734","Poultry Meat","2019","2019","kg","24.15","Fc","Calculated data"
"FBS","Food Balances (2010-)","25","Solomon Islands","5511","Production","2734","Poultry Meat","2019","2019","1000 tonnes","0","Im","FAO data based on imputation methodology"
"FBS","Food Balances (2010-)","25","Solomon Islands","645","Food supply quantity (kg/capita/yr)","2734","Poultry Meat","2019","2019","kg","5.58","Fc","Calculated data"
"FBS","Food Balances (2010-)","202","South Africa","5511","Production","2734","Poultry Meat","2019","2019","1000 tonnes","1816","Im","FAO data based on imputation methodology"
"FBS","Food Balances (2010-)","202","South Africa","645","Food supply quantity (kg/capita/yr)","2734","Poultry Meat","2019","2019","kg","37.32","Fc","Calculated data"
"FBS","Food Balances (2010-)","203","Spain","5511","Production","2734","Poultry Meat","2019","2019","1000 tonnes","1631","Im","FAO data based on imputation methodology"
"FBS","Food Balances (2010-)","203","Spain","645","Food supply quantity (kg/capita/yr)","2734","Poultry Meat","2019","2019","kg","33.34","Fc","Calculated data"
"FBS","Food Balances (2010-)","38","Sri Lanka","5511","Production","2734","Poultry Meat","2019","2019","1000 tonnes","189","Im","FAO data based on imputation methodology"
"FBS","Food Balances (2010-)","38","Sri Lanka","645","Food supply quantity (kg/capita/yr)","2734","Poultry Meat","2019","2019","kg","8.82","Fc","Calculated data"
"FBS","Food Balances (2010-)","276","Sudan","5511","Production","2734","Poultry Meat","2019","2019","1000 tonnes","75","Im","FAO data based on imputation methodology"
"FBS","Food Balances (2010-)","276","Sudan","645","Food supply quantity (kg/capita/yr)","2734","Poultry Meat","2019","2019","kg","1.3","Fc","Calculated data"
"FBS","Food Balances (2010-)","207","Suriname","5511","Production","2734","Poultry Meat","2019","2019","1000 tonnes","11","Im","FAO data based on imputation methodology"
"FBS","Food Balances (2010-)","207","Suriname","645","Food supply quantity (kg/capita/yr)","2734","Poultry Meat","2019","2019","kg","51.98","Fc","Calculated data"
"FBS","Food Balances (2010-)","210","Sweden","5511","Production","2734","Poultry Meat","2019","2019","1000 tonnes","158","Im","FAO data based on imputation methodology"
"FBS","Food Balances (2010-)","210","Sweden","645","Food supply quantity (kg/capita/yr)","2734","Poultry Meat","2019","2019","kg","17.1","Fc","Calculated data"
"FBS","Food Balances (2010-)","211","Switzerland","5511","Production","2734","Poultry Meat","2019","2019","1000 tonnes","99","Im","FAO data based on imputation methodology"
"FBS","Food Balances (2010-)","211","Switzerland","645","Food supply quantity (kg/capita/yr)","2734","Poultry Meat","2019","2019","kg","17.34","Fc","Calculated data"
"FBS","Food Balances (2010-)","212","Syrian Arab Republic","5511","Production","2734","Poultry Meat","2019","2019","1000 tonnes","122","Im","FAO data based on imputation methodology"
"FBS","Food Balances (2010-)","212","Syrian Arab Republic","645","Food supply quantity (kg/capita/yr)","2734","Poultry Meat","2019","2019","kg","8.02","Fc","Calculated data"
"FBS","Food Balances (2010-)","208","Tajikistan","5511","Production","2734","Poultry Meat","2019","2019","1000 tonnes","16","Im","FAO data based on imputation methodology"
"FBS","Food Balances (2010-)","208","Tajikistan","645","Food supply quantity (kg/capita/yr)","2734","Poultry Meat","2019","2019","kg","3.91","Fc","Calculated data"
"FBS","Food Balances (2010-)","216","Thailand","5511","Production","2734","Poultry Meat","2019","2019","1000 tonnes","1775","Im","FAO data based on imputation methodology"
"FBS","Food Balances (2010-)","216","Thailand","645","Food supply quantity (kg/capita/yr)","2734","Poultry Meat","2019","2019","kg","10.91","Fc","Calculated data"
"FBS","Food Balances (2010-)","176","Timor-Leste","5511","Production","2734","Poultry Meat","2019","2019","1000 tonnes","1","Im","FAO data based on imputation methodology"
"FBS","Food Balances (2010-)","176","Timor-Leste","645","Food supply quantity (kg/capita/yr)","2734","Poultry Meat","2019","2019","kg","8.82","Fc","Calculated data"
"FBS","Food Balances (2010-)","217","Togo","5511","Production","2734","Poultry Meat","2019","2019","1000 tonnes","44","Im","FAO data based on imputation methodology"
"FBS","Food Balances (2010-)","217","Togo","645","Food supply quantity (kg/capita/yr)","2734","Poultry Meat","2019","2019","kg","8.47","Fc","Calculated data"
"FBS","Food Balances (2010-)","220","Trinidad and Tobago","5511","Production","2734","Poultry Meat","2019","2019","1000 tonnes","62","Im","FAO data based on imputation methodology"
"FBS","Food Balances (2010-)","220","Trinidad and Tobago","645","Food supply quantity (kg/capita/yr)","2734","Poultry Meat","2019","2019","kg","63.71","Fc","Calculated data"
"FBS","Food Balances (2010-)","222","Tunisia","5511","Production","2734","Poultry Meat","2019","2019","1000 tonnes","223","Im","FAO data based on imputation methodology"
"FBS","Food Balances (2010-)","222","Tunisia","645","Food supply quantity (kg/capita/yr)","2734","Poultry Meat","2019","2019","kg","17.32","Fc","Calculated data"
"FBS","Food Balances (2010-)","223","Turkey","5511","Production","2734","Poultry Meat","2019","2019","1000 tonnes","2202","Im","FAO data based on imputation methodology"
"FBS","Food Balances (2010-)","223","Turkey","645","Food supply quantity (kg/capita/yr)","2734","Poultry Meat","2019","2019","kg","20.65","Fc","Calculated data"
"FBS","Food Balances (2010-)","213","Turkmenistan","5511","Production","2734","Poultry Meat","2019","2019","1000 tonnes","21","Im","FAO data based on imputation methodology"
"FBS","Food Balances (2010-)","213","Turkmenistan","645","Food supply quantity (kg/capita/yr)","2734","Poultry Meat","2019","2019","kg","4.73","Fc","Calculated data"
"FBS","Food Balances (2010-)","226","Uganda","5511","Production","2734","Poultry Meat","2019","2019","1000 tonnes","69","Im","FAO data based on imputation methodology"
"FBS","Food Balances (2010-)","226","Uganda","645","Food supply quantity (kg/capita/yr)","2734","Poultry Meat","2019","2019","kg","1.54","Fc","Calculated data"
"FBS","Food Balances (2010-)","230","Ukraine","5511","Production","2734","Poultry Meat","2019","2019","1000 tonnes","1410","Im","FAO data based on imputation methodology"
"FBS","Food Balances (2010-)","230","Ukraine","645","Food supply quantity (kg/capita/yr)","2734","Poultry Meat","2019","2019","kg","27.2","Fc","Calculated data"
"FBS","Food Balances (2010-)","225","United Arab Emirates","5511","Production","2734","Poultry Meat","2019","2019","1000 tonnes","45","Im","FAO data based on imputation methodology"
"FBS","Food Balances (2010-)","225","United Arab Emirates","645","Food supply quantity (kg/capita/yr)","2734","Poultry Meat","2019","2019","kg","34.08","Fc","Calculated data"
"FBS","Food Balances (2010-)","229","United Kingdom of Great Britain and Northern Ireland","5511","Production","2734","Poultry Meat","2019","2019","1000 tonnes","1902","Im","FAO data based on imputation methodology"
"FBS","Food Balances (2010-)","229","United Kingdom of Great Britain and Northern Ireland","645","Food supply quantity (kg/capita/yr)","2734","Poultry Meat","2019","2019","kg","33.14","Fc","Calculated data"
"FBS","Food Balances (2010-)","215","United Republic of Tanzania","5511","Production","2734","Poultry Meat","2019","2019","1000 tonnes","81","Im","FAO data based on imputation methodology"
"FBS","Food Balances (2010-)","215","United Republic of Tanzania","645","Food supply quantity (kg/capita/yr)","2734","Poultry Meat","2019","2019","kg","1.49","Fc","Calculated data"
"FBS","Food Balances (2010-)","231","United States of America","5511","Production","2734","Poultry Meat","2019","2019","1000 tonnes","22858","Im","FAO data based on imputation methodology"
"FBS","Food Balances (2010-)","231","United States of America","645","Food supply quantity (kg/capita/yr)","2734","Poultry Meat","2019","2019","kg","58.6","Fc","Calculated data"
"FBS","Food Balances (2010-)","234","Uruguay","5511","Production","2734","Poultry Meat","2019","2019","1000 tonnes","31","Im","FAO data based on imputation methodology"
"FBS","Food Balances (2010-)","234","Uruguay","645","Food supply quantity (kg/capita/yr)","2734","Poultry Meat","2019","2019","kg","9.43","Fc","Calculated data"
"FBS","Food Balances (2010-)","235","Uzbekistan","5511","Production","2734","Poultry Meat","2019","2019","1000 tonnes","64","Im","FAO data based on imputation methodology"
"FBS","Food Balances (2010-)","235","Uzbekistan","645","Food supply quantity (kg/capita/yr)","2734","Poultry Meat","2019","2019","kg","2.42","Fc","Calculated data"
"FBS","Food Balances (2010-)","155","Vanuatu","5511","Production","2734","Poultry Meat","2019","2019","1000 tonnes","1","Im","FAO data based on imputation methodology"
"FBS","Food Balances (2010-)","155","Vanuatu","645","Food supply quantity (kg/capita/yr)","2734","Poultry Meat","2019","2019","kg","12.68","Fc","Calculated data"
"FBS","Food Balances (2010-)","236","Venezuela (Bolivarian Republic of)","5511","Production","2734","Poultry Meat","2019","2019","1000 tonnes","428","Im","FAO data based on imputation methodology"
"FBS","Food Balances (2010-)","236","Venezuela (Bolivarian Republic of)","645","Food supply quantity (kg/capita/yr)","2734","Poultry Meat","2019","2019","kg","15.01","Fc","Calculated data"
"FBS","Food Balances (2010-)","237","Viet Nam","5511","Production","2734","Poultry Meat","2019","2019","1000 tonnes","1089","Im","FAO data based on imputation methodology"
"FBS","Food Balances (2010-)","237","Viet Nam","645","Food supply quantity (kg/capita/yr)","2734","Poultry Meat","2019","2019","kg","13.08","Fc","Calculated data"
"FBS","Food Balances (2010-)","249","Yemen","5511","Production","2734","Poultry Meat","2019","2019","1000 tonnes","192","Im","FAO data based on imputation methodology"
"FBS","Food Balances (2010-)","249","Yemen","645","Food supply quantity (kg/capita/yr)","2734","Poultry Meat","2019","2019","kg","12.06","Fc","Calculated data"
"FBS","Food Balances (2010-)","251","Zambia","5511","Production","2734","Poultry Meat","2019","2019","1000 tonnes","51","Im","FAO data based on imputation methodology"
"FBS","Food Balances (2010-)","251","Zambia","645","Food supply quantity (kg/capita/yr)","2734","Poultry Meat","2019","2019","kg","3.65","Fc","Calculated data"
"FBS","Food Balances (2010-)","181","Zimbabwe","5511","Production","2734","Poultry Meat","2019","2019","1000 tonnes","52","Im","FAO data based on imputation methodology"
"FBS","Food Balances (2010-)","181","Zimbabwe","645","Food supply quantity (kg/capita/yr)","2734","Poultry Meat","2019","2019","kg","3.66","Fc","Calculated data"
