Code Domaine,Domaine,Code zone,Zone,Code Élément,Élément,Code Produit,Produit,Code année,Année,Unité,Valeur,Symbole,Description du Symbole
"FBS","Bilans Alimentaires (2010-)","2","Afghanistan","511","Population totale","2501","Population","2017","2017","1000 personnes","36296","*","Chiffre non officiel"
"FBS","Bilans Alimentaires (2010-)","2","Afghanistan","511","Population totale","2501","Population","2019","2019","1000 personnes","38042","*","Chiffre non officiel"
"FBS","Bilans Alimentaires (2010-)","202","Afrique du Sud","511","Population totale","2501","Population","2017","2017","1000 personnes","57010","*","Chiffre non officiel"
"FBS","Bilans Alimentaires (2010-)","202","Afrique du Sud","511","Population totale","2501","Population","2019","2019","1000 personnes","58558","*","Chiffre non officiel"
"FBS","Bilans Alimentaires (2010-)","3","Albanie","511","Population totale","2501","Population","2017","2017","1000 personnes","2884","*","Chiffre non officiel"
"FBS","Bilans Alimentaires (2010-)","3","Albanie","511","Population totale","2501","Population","2019","2019","1000 personnes","2881","*","Chiffre non officiel"
"FBS","Bilans Alimentaires (2010-)","4","Algérie","511","Population totale","2501","Population","2017","2017","1000 personnes","41389","*","Chiffre non officiel"
"FBS","Bilans Alimentaires (2010-)","4","Algérie","511","Population totale","2501","Population","2019","2019","1000 personnes","43053","*","Chiffre non officiel"
"FBS","Bilans Alimentaires (2010-)","79","Allemagne","511","Population totale","2501","Population","2017","2017","1000 personnes","82658","*","Chiffre non officiel"
"FBS","Bilans Alimentaires (2010-)","79","Allemagne","511","Population totale","2501","Population","2019","2019","1000 personnes","83517","*","Chiffre non officiel"
"FBS","Bilans Alimentaires (2010-)","7","Angola","511","Population totale","2501","Population","2017","2017","1000 personnes","29817","*","Chiffre non officiel"
"FBS","Bilans Alimentaires (2010-)","7","Angola","511","Population totale","2501","Population","2019","2019","1000 personnes","31825","*","Chiffre non officiel"
"FBS","Bilans Alimentaires (2010-)","8","Antigua-et-Barbuda","511","Population totale","2501","Population","2017","2017","1000 personnes","95","*","Chiffre non officiel"
"FBS","Bilans Alimentaires (2010-)","8","Antigua-et-Barbuda","511","Population totale","2501","Population","2019","2019","1000 personnes","97","*","Chiffre non officiel"
"FBS","Bilans Alimentaires (2010-)","194","Arabie saoudite","511","Population totale","2501","Population","2017","2017","1000 personnes","33101","*","Chiffre non officiel"
"FBS","Bilans Alimentaires (2010-)","194","Arabie saoudite","511","Population totale","2501","Population","2019","2019","1000 personnes","34269","*","Chiffre non officiel"
"FBS","Bilans Alimentaires (2010-)","9","Argentine","511","Population totale","2501","Population","2017","2017","1000 personnes","43937","*","Chiffre non officiel"
"FBS","Bilans Alimentaires (2010-)","9","Argentine","511","Population totale","2501","Population","2019","2019","1000 personnes","44781","*","Chiffre non officiel"
"FBS","Bilans Alimentaires (2010-)","1","Arménie","511","Population totale","2501","Population","2017","2017","1000 personnes","2945","*","Chiffre non officiel"
"FBS","Bilans Alimentaires (2010-)","1","Arménie","511","Population totale","2501","Population","2019","2019","1000 personnes","2958","*","Chiffre non officiel"
"FBS","Bilans Alimentaires (2010-)","10","Australie","511","Population totale","2501","Population","2017","2017","1000 personnes","24585","*","Chiffre non officiel"
"FBS","Bilans Alimentaires (2010-)","10","Australie","511","Population totale","2501","Population","2019","2019","1000 personnes","25203","*","Chiffre non officiel"
"FBS","Bilans Alimentaires (2010-)","11","Autriche","511","Population totale","2501","Population","2017","2017","1000 personnes","8820","*","Chiffre non officiel"
"FBS","Bilans Alimentaires (2010-)","11","Autriche","511","Population totale","2501","Population","2019","2019","1000 personnes","8955","*","Chiffre non officiel"
"FBS","Bilans Alimentaires (2010-)","52","Azerbaïdjan","511","Population totale","2501","Population","2017","2017","1000 personnes","9845","*","Chiffre non officiel"
"FBS","Bilans Alimentaires (2010-)","52","Azerbaïdjan","511","Population totale","2501","Population","2019","2019","1000 personnes","10048","*","Chiffre non officiel"
"FBS","Bilans Alimentaires (2010-)","12","Bahamas","511","Population totale","2501","Population","2017","2017","1000 personnes","382","*","Chiffre non officiel"
"FBS","Bilans Alimentaires (2010-)","12","Bahamas","511","Population totale","2501","Population","2019","2019","1000 personnes","389","*","Chiffre non officiel"
"FBS","Bilans Alimentaires (2010-)","16","Bangladesh","511","Population totale","2501","Population","2017","2017","1000 personnes","159685","*","Chiffre non officiel"
"FBS","Bilans Alimentaires (2010-)","16","Bangladesh","511","Population totale","2501","Population","2019","2019","1000 personnes","163046","*","Chiffre non officiel"
"FBS","Bilans Alimentaires (2010-)","14","Barbade","511","Population totale","2501","Population","2017","2017","1000 personnes","286","*","Chiffre non officiel"
"FBS","Bilans Alimentaires (2010-)","14","Barbade","511","Population totale","2501","Population","2019","2019","1000 personnes","287","*","Chiffre non officiel"
"FBS","Bilans Alimentaires (2010-)","57","Bélarus","511","Population totale","2501","Population","2017","2017","1000 personnes","9450","*","Chiffre non officiel"
"FBS","Bilans Alimentaires (2010-)","57","Bélarus","511","Population totale","2501","Population","2019","2019","1000 personnes","9452","*","Chiffre non officiel"
"FBS","Bilans Alimentaires (2010-)","255","Belgique","511","Population totale","2501","Population","2017","2017","1000 personnes","11420","*","Chiffre non officiel"
"FBS","Bilans Alimentaires (2010-)","255","Belgique","511","Population totale","2501","Population","2019","2019","1000 personnes","11539","*","Chiffre non officiel"
"FBS","Bilans Alimentaires (2010-)","23","Belize","511","Population totale","2501","Population","2017","2017","1000 personnes","376","*","Chiffre non officiel"
"FBS","Bilans Alimentaires (2010-)","23","Belize","511","Population totale","2501","Population","2019","2019","1000 personnes","390","*","Chiffre non officiel"
"FBS","Bilans Alimentaires (2010-)","53","Bénin","511","Population totale","2501","Population","2017","2017","1000 personnes","11175","*","Chiffre non officiel"
"FBS","Bilans Alimentaires (2010-)","53","Bénin","511","Population totale","2501","Population","2019","2019","1000 personnes","11801","*","Chiffre non officiel"
"FBS","Bilans Alimentaires (2010-)","19","Bolivie (État plurinational de)","511","Population totale","2501","Population","2017","2017","1000 personnes","11193","*","Chiffre non officiel"
"FBS","Bilans Alimentaires (2010-)","19","Bolivie (État plurinational de)","511","Population totale","2501","Population","2019","2019","1000 personnes","11513","*","Chiffre non officiel"
"FBS","Bilans Alimentaires (2010-)","80","Bosnie-Herzégovine","511","Population totale","2501","Population","2017","2017","1000 personnes","3352","*","Chiffre non officiel"
"FBS","Bilans Alimentaires (2010-)","80","Bosnie-Herzégovine","511","Population totale","2501","Population","2019","2019","1000 personnes","3301","*","Chiffre non officiel"
"FBS","Bilans Alimentaires (2010-)","20","Botswana","511","Population totale","2501","Population","2017","2017","1000 personnes","2205","*","Chiffre non officiel"
"FBS","Bilans Alimentaires (2010-)","20","Botswana","511","Population totale","2501","Population","2019","2019","1000 personnes","2304","*","Chiffre non officiel"
"FBS","Bilans Alimentaires (2010-)","21","Brésil","511","Population totale","2501","Population","2017","2017","1000 personnes","207834","*","Chiffre non officiel"
"FBS","Bilans Alimentaires (2010-)","21","Brésil","511","Population totale","2501","Population","2019","2019","1000 personnes","211050","*","Chiffre non officiel"
"FBS","Bilans Alimentaires (2010-)","27","Bulgarie","511","Population totale","2501","Population","2017","2017","1000 personnes","7102","*","Chiffre non officiel"
"FBS","Bilans Alimentaires (2010-)","27","Bulgarie","511","Population totale","2501","Population","2019","2019","1000 personnes","7000","*","Chiffre non officiel"
"FBS","Bilans Alimentaires (2010-)","233","Burkina Faso","511","Population totale","2501","Population","2017","2017","1000 personnes","19193","*","Chiffre non officiel"
"FBS","Bilans Alimentaires (2010-)","233","Burkina Faso","511","Population totale","2501","Population","2019","2019","1000 personnes","20321","*","Chiffre non officiel"
"FBS","Bilans Alimentaires (2010-)","29","Burundi","511","Population totale","2501","Population","2017","2017","1000 personnes","10827","*","Chiffre non officiel"
"FBS","Bilans Alimentaires (2010-)","29","Burundi","511","Population totale","2501","Population","2019","2019","1000 personnes","11531","*","Chiffre non officiel"
"FBS","Bilans Alimentaires (2010-)","35","Cabo Verde","511","Population totale","2501","Population","2017","2017","1000 personnes","537","*","Chiffre non officiel"
"FBS","Bilans Alimentaires (2010-)","35","Cabo Verde","511","Population totale","2501","Population","2019","2019","1000 personnes","550","*","Chiffre non officiel"
"FBS","Bilans Alimentaires (2010-)","115","Cambodge","511","Population totale","2501","Population","2017","2017","1000 personnes","16009","*","Chiffre non officiel"
"FBS","Bilans Alimentaires (2010-)","115","Cambodge","511","Population totale","2501","Population","2019","2019","1000 personnes","16487","*","Chiffre non officiel"
"FBS","Bilans Alimentaires (2010-)","32","Cameroun","511","Population totale","2501","Population","2017","2017","1000 personnes","24566","*","Chiffre non officiel"
"FBS","Bilans Alimentaires (2010-)","32","Cameroun","511","Population totale","2501","Population","2019","2019","1000 personnes","25876","*","Chiffre non officiel"
"FBS","Bilans Alimentaires (2010-)","33","Canada","511","Population totale","2501","Population","2017","2017","1000 personnes","36732","*","Chiffre non officiel"
"FBS","Bilans Alimentaires (2010-)","33","Canada","511","Population totale","2501","Population","2019","2019","1000 personnes","37411","*","Chiffre non officiel"
"FBS","Bilans Alimentaires (2010-)","40","Chili","511","Population totale","2501","Population","2017","2017","1000 personnes","18470","*","Chiffre non officiel"
"FBS","Bilans Alimentaires (2010-)","40","Chili","511","Population totale","2501","Population","2019","2019","1000 personnes","18952","*","Chiffre non officiel"
"FBS","Bilans Alimentaires (2010-)","351","Chine","511","Population totale","2501","Population","2017","2017","1000 personnes","1452626","A","Agrégat, peut inclure des données officielles, semi-officielles, estimées ou calculées"
"FBS","Bilans Alimentaires (2010-)","351","Chine","511","Population totale","2501","Population","2019","2019","1000 personnes","1465634","A","Agrégat, peut inclure des données officielles, semi-officielles, estimées ou calculées"
"FBS","Bilans Alimentaires (2010-)","96","Chine - RAS de Hong-Kong","511","Population totale","2501","Population","2017","2017","1000 personnes","7306","*","Chiffre non officiel"
"FBS","Bilans Alimentaires (2010-)","96","Chine - RAS de Hong-Kong","511","Population totale","2501","Population","2019","2019","1000 personnes","7436","*","Chiffre non officiel"
"FBS","Bilans Alimentaires (2010-)","128","Chine - RAS de Macao","511","Population totale","2501","Population","2017","2017","1000 personnes","623","*","Chiffre non officiel"
"FBS","Bilans Alimentaires (2010-)","128","Chine - RAS de Macao","511","Population totale","2501","Population","2019","2019","1000 personnes","640","*","Chiffre non officiel"
"FBS","Bilans Alimentaires (2010-)","41","Chine, continentale","511","Population totale","2501","Population","2017","2017","1000 personnes","1421022","*","Chiffre non officiel"
"FBS","Bilans Alimentaires (2010-)","41","Chine, continentale","511","Population totale","2501","Population","2019","2019","1000 personnes","1433784","*","Chiffre non officiel"
"FBS","Bilans Alimentaires (2010-)","214","Chine, Taiwan Province de","511","Population totale","2501","Population","2017","2017","1000 personnes","23675","*","Chiffre non officiel"
"FBS","Bilans Alimentaires (2010-)","214","Chine, Taiwan Province de","511","Population totale","2501","Population","2019","2019","1000 personnes","23774","*","Chiffre non officiel"
"FBS","Bilans Alimentaires (2010-)","50","Chypre","511","Population totale","2501","Population","2017","2017","1000 personnes","1180","*","Chiffre non officiel"
"FBS","Bilans Alimentaires (2010-)","50","Chypre","511","Population totale","2501","Population","2019","2019","1000 personnes","1199","*","Chiffre non officiel"
"FBS","Bilans Alimentaires (2010-)","44","Colombie","511","Population totale","2501","Population","2017","2017","1000 personnes","48910","*","Chiffre non officiel"
"FBS","Bilans Alimentaires (2010-)","44","Colombie","511","Population totale","2501","Population","2019","2019","1000 personnes","50339","*","Chiffre non officiel"
"FBS","Bilans Alimentaires (2010-)","45","Comores","511","Population totale","2501","Population","2017","2017","1000 personnes","814","*","Chiffre non officiel"
"FBS","Bilans Alimentaires (2010-)","45","Comores","511","Population totale","2501","Population","2019","2019","1000 personnes","851","*","Chiffre non officiel"
"FBS","Bilans Alimentaires (2010-)","46","Congo","511","Population totale","2501","Population","2017","2017","1000 personnes","5111","*","Chiffre non officiel"
"FBS","Bilans Alimentaires (2010-)","46","Congo","511","Population totale","2501","Population","2019","2019","1000 personnes","5381","*","Chiffre non officiel"
"FBS","Bilans Alimentaires (2010-)","48","Costa Rica","511","Population totale","2501","Population","2017","2017","1000 personnes","4950","*","Chiffre non officiel"
"FBS","Bilans Alimentaires (2010-)","48","Costa Rica","511","Population totale","2501","Population","2019","2019","1000 personnes","5048","*","Chiffre non officiel"
"FBS","Bilans Alimentaires (2010-)","107","Côte d'Ivoire","511","Population totale","2501","Population","2017","2017","1000 personnes","24437","*","Chiffre non officiel"
"FBS","Bilans Alimentaires (2010-)","107","Côte d'Ivoire","511","Population totale","2501","Population","2019","2019","1000 personnes","25717","*","Chiffre non officiel"
"FBS","Bilans Alimentaires (2010-)","98","Croatie","511","Population totale","2501","Population","2017","2017","1000 personnes","4183","*","Chiffre non officiel"
"FBS","Bilans Alimentaires (2010-)","98","Croatie","511","Population totale","2501","Population","2019","2019","1000 personnes","4130","*","Chiffre non officiel"
"FBS","Bilans Alimentaires (2010-)","49","Cuba","511","Population totale","2501","Population","2017","2017","1000 personnes","11339","*","Chiffre non officiel"
"FBS","Bilans Alimentaires (2010-)","49","Cuba","511","Population totale","2501","Population","2019","2019","1000 personnes","11333","*","Chiffre non officiel"
"FBS","Bilans Alimentaires (2010-)","54","Danemark","511","Population totale","2501","Population","2017","2017","1000 personnes","5732","*","Chiffre non officiel"
"FBS","Bilans Alimentaires (2010-)","54","Danemark","511","Population totale","2501","Population","2019","2019","1000 personnes","5772","*","Chiffre non officiel"
"FBS","Bilans Alimentaires (2010-)","72","Djibouti","511","Population totale","2501","Population","2017","2017","1000 personnes","944","*","Chiffre non officiel"
"FBS","Bilans Alimentaires (2010-)","72","Djibouti","511","Population totale","2501","Population","2019","2019","1000 personnes","974","*","Chiffre non officiel"
"FBS","Bilans Alimentaires (2010-)","55","Dominique","511","Population totale","2501","Population","2017","2017","1000 personnes","71","*","Chiffre non officiel"
"FBS","Bilans Alimentaires (2010-)","55","Dominique","511","Population totale","2501","Population","2019","2019","1000 personnes","72","*","Chiffre non officiel"
"FBS","Bilans Alimentaires (2010-)","59","Égypte","511","Population totale","2501","Population","2017","2017","1000 personnes","96443","*","Chiffre non officiel"
"FBS","Bilans Alimentaires (2010-)","59","Égypte","511","Population totale","2501","Population","2019","2019","1000 personnes","100388","*","Chiffre non officiel"
"FBS","Bilans Alimentaires (2010-)","60","El Salvador","511","Population totale","2501","Population","2017","2017","1000 personnes","6388","*","Chiffre non officiel"
"FBS","Bilans Alimentaires (2010-)","60","El Salvador","511","Population totale","2501","Population","2019","2019","1000 personnes","6454","*","Chiffre non officiel"
"FBS","Bilans Alimentaires (2010-)","58","Équateur","511","Population totale","2501","Population","2017","2017","1000 personnes","16785","*","Chiffre non officiel"
"FBS","Bilans Alimentaires (2010-)","58","Équateur","511","Population totale","2501","Population","2019","2019","1000 personnes","17374","*","Chiffre non officiel"
"FBS","Bilans Alimentaires (2010-)","203","Espagne","511","Population totale","2501","Population","2017","2017","1000 personnes","46647","*","Chiffre non officiel"
"FBS","Bilans Alimentaires (2010-)","203","Espagne","511","Population totale","2501","Population","2019","2019","1000 personnes","46737","*","Chiffre non officiel"
"FBS","Bilans Alimentaires (2010-)","63","Estonie","511","Population totale","2501","Population","2017","2017","1000 personnes","1319","*","Chiffre non officiel"
"FBS","Bilans Alimentaires (2010-)","63","Estonie","511","Population totale","2501","Population","2019","2019","1000 personnes","1326","*","Chiffre non officiel"
"FBS","Bilans Alimentaires (2010-)","209","Eswatini","511","Population totale","2501","Population","2017","2017","1000 personnes","1125","*","Chiffre non officiel"
"FBS","Bilans Alimentaires (2010-)","209","Eswatini","511","Population totale","2501","Population","2019","2019","1000 personnes","1148","*","Chiffre non officiel"
"FBS","Bilans Alimentaires (2010-)","231","États-Unis d'Amérique","511","Population totale","2501","Population","2017","2017","1000 personnes","325085","*","Chiffre non officiel"
"FBS","Bilans Alimentaires (2010-)","231","États-Unis d'Amérique","511","Population totale","2501","Population","2019","2019","1000 personnes","329065","*","Chiffre non officiel"
"FBS","Bilans Alimentaires (2010-)","238","Éthiopie","511","Population totale","2501","Population","2017","2017","1000 personnes","106400","*","Chiffre non officiel"
"FBS","Bilans Alimentaires (2010-)","238","Éthiopie","511","Population totale","2501","Population","2019","2019","1000 personnes","112079","*","Chiffre non officiel"
"FBS","Bilans Alimentaires (2010-)","185","Fédération de Russie","511","Population totale","2501","Population","2017","2017","1000 personnes","145530","*","Chiffre non officiel"
"FBS","Bilans Alimentaires (2010-)","185","Fédération de Russie","511","Population totale","2501","Population","2019","2019","1000 personnes","145872","*","Chiffre non officiel"
"FBS","Bilans Alimentaires (2010-)","66","Fidji","511","Population totale","2501","Population","2017","2017","1000 personnes","877","*","Chiffre non officiel"
"FBS","Bilans Alimentaires (2010-)","66","Fidji","511","Population totale","2501","Population","2019","2019","1000 personnes","890","*","Chiffre non officiel"
"FBS","Bilans Alimentaires (2010-)","67","Finlande","511","Population totale","2501","Population","2017","2017","1000 personnes","5511","*","Chiffre non officiel"
"FBS","Bilans Alimentaires (2010-)","67","Finlande","511","Population totale","2501","Population","2019","2019","1000 personnes","5532","*","Chiffre non officiel"
"FBS","Bilans Alimentaires (2010-)","68","France","511","Population totale","2501","Population","2017","2017","1000 personnes","66769","*","Chiffre non officiel"
"FBS","Bilans Alimentaires (2010-)","68","France","511","Population totale","2501","Population","2019","2019","1000 personnes","65130","*","Chiffre non officiel"
"FBS","Bilans Alimentaires (2010-)","74","Gabon","511","Population totale","2501","Population","2017","2017","1000 personnes","2065","*","Chiffre non officiel"
"FBS","Bilans Alimentaires (2010-)","74","Gabon","511","Population totale","2501","Population","2019","2019","1000 personnes","2173","*","Chiffre non officiel"
"FBS","Bilans Alimentaires (2010-)","75","Gambie","511","Population totale","2501","Population","2017","2017","1000 personnes","2214","*","Chiffre non officiel"
"FBS","Bilans Alimentaires (2010-)","75","Gambie","511","Population totale","2501","Population","2019","2019","1000 personnes","2348","*","Chiffre non officiel"
"FBS","Bilans Alimentaires (2010-)","73","Géorgie","511","Population totale","2501","Population","2017","2017","1000 personnes","4009","*","Chiffre non officiel"
"FBS","Bilans Alimentaires (2010-)","73","Géorgie","511","Population totale","2501","Population","2019","2019","1000 personnes","3997","*","Chiffre non officiel"
"FBS","Bilans Alimentaires (2010-)","81","Ghana","511","Population totale","2501","Population","2017","2017","1000 personnes","29121","*","Chiffre non officiel"
"FBS","Bilans Alimentaires (2010-)","81","Ghana","511","Population totale","2501","Population","2019","2019","1000 personnes","30418","*","Chiffre non officiel"
"FBS","Bilans Alimentaires (2010-)","84","Grèce","511","Population totale","2501","Population","2017","2017","1000 personnes","10569","*","Chiffre non officiel"
"FBS","Bilans Alimentaires (2010-)","84","Grèce","511","Population totale","2501","Population","2019","2019","1000 personnes","10473","*","Chiffre non officiel"
"FBS","Bilans Alimentaires (2010-)","86","Grenade","511","Population totale","2501","Population","2017","2017","1000 personnes","111","*","Chiffre non officiel"
"FBS","Bilans Alimentaires (2010-)","86","Grenade","511","Population totale","2501","Population","2019","2019","1000 personnes","112","*","Chiffre non officiel"
"FBS","Bilans Alimentaires (2010-)","89","Guatemala","511","Population totale","2501","Population","2017","2017","1000 personnes","16915","*","Chiffre non officiel"
"FBS","Bilans Alimentaires (2010-)","89","Guatemala","511","Population totale","2501","Population","2019","2019","1000 personnes","17581","*","Chiffre non officiel"
"FBS","Bilans Alimentaires (2010-)","90","Guinée","511","Population totale","2501","Population","2017","2017","1000 personnes","12068","*","Chiffre non officiel"
"FBS","Bilans Alimentaires (2010-)","90","Guinée","511","Population totale","2501","Population","2019","2019","1000 personnes","12771","*","Chiffre non officiel"
"FBS","Bilans Alimentaires (2010-)","175","Guinée-Bissau","511","Population totale","2501","Population","2017","2017","1000 personnes","1828","*","Chiffre non officiel"
"FBS","Bilans Alimentaires (2010-)","175","Guinée-Bissau","511","Population totale","2501","Population","2019","2019","1000 personnes","1921","*","Chiffre non officiel"
"FBS","Bilans Alimentaires (2010-)","91","Guyana","511","Population totale","2501","Population","2017","2017","1000 personnes","775","*","Chiffre non officiel"
"FBS","Bilans Alimentaires (2010-)","91","Guyana","511","Population totale","2501","Population","2019","2019","1000 personnes","783","*","Chiffre non officiel"
"FBS","Bilans Alimentaires (2010-)","93","Haïti","511","Population totale","2501","Population","2017","2017","1000 personnes","10982","*","Chiffre non officiel"
"FBS","Bilans Alimentaires (2010-)","93","Haïti","511","Population totale","2501","Population","2019","2019","1000 personnes","11263","*","Chiffre non officiel"
"FBS","Bilans Alimentaires (2010-)","95","Honduras","511","Population totale","2501","Population","2017","2017","1000 personnes","9429","*","Chiffre non officiel"
"FBS","Bilans Alimentaires (2010-)","95","Honduras","511","Population totale","2501","Population","2019","2019","1000 personnes","9746","*","Chiffre non officiel"
"FBS","Bilans Alimentaires (2010-)","97","Hongrie","511","Population totale","2501","Population","2017","2017","1000 personnes","9730","*","Chiffre non officiel"
"FBS","Bilans Alimentaires (2010-)","97","Hongrie","511","Population totale","2501","Population","2019","2019","1000 personnes","9685","*","Chiffre non officiel"
"FBS","Bilans Alimentaires (2010-)","25","Îles Salomon","511","Population totale","2501","Population","2017","2017","1000 personnes","636","*","Chiffre non officiel"
"FBS","Bilans Alimentaires (2010-)","25","Îles Salomon","511","Population totale","2501","Population","2019","2019","1000 personnes","670","*","Chiffre non officiel"
"FBS","Bilans Alimentaires (2010-)","100","Inde","511","Population totale","2501","Population","2017","2017","1000 personnes","1338677","*","Chiffre non officiel"
"FBS","Bilans Alimentaires (2010-)","100","Inde","511","Population totale","2501","Population","2019","2019","1000 personnes","1366418","*","Chiffre non officiel"
"FBS","Bilans Alimentaires (2010-)","101","Indonésie","511","Population totale","2501","Population","2017","2017","1000 personnes","264651","*","Chiffre non officiel"
"FBS","Bilans Alimentaires (2010-)","101","Indonésie","511","Population totale","2501","Population","2019","2019","1000 personnes","270626","*","Chiffre non officiel"
"FBS","Bilans Alimentaires (2010-)","102","Iran (République islamique d')","511","Population totale","2501","Population","2017","2017","1000 personnes","80674","*","Chiffre non officiel"
"FBS","Bilans Alimentaires (2010-)","102","Iran (République islamique d')","511","Population totale","2501","Population","2019","2019","1000 personnes","82914","*","Chiffre non officiel"
"FBS","Bilans Alimentaires (2010-)","103","Iraq","511","Population totale","2501","Population","2017","2017","1000 personnes","32210","*","Chiffre non officiel"
"FBS","Bilans Alimentaires (2010-)","103","Iraq","511","Population totale","2501","Population","2019","2019","1000 personnes","33717","*","Chiffre non officiel"
"FBS","Bilans Alimentaires (2010-)","104","Irlande","511","Population totale","2501","Population","2017","2017","1000 personnes","4753","*","Chiffre non officiel"
"FBS","Bilans Alimentaires (2010-)","104","Irlande","511","Population totale","2501","Population","2019","2019","1000 personnes","4882","*","Chiffre non officiel"
"FBS","Bilans Alimentaires (2010-)","99","Islande","511","Population totale","2501","Population","2017","2017","1000 personnes","334","*","Chiffre non officiel"
"FBS","Bilans Alimentaires (2010-)","99","Islande","511","Population totale","2501","Population","2019","2019","1000 personnes","339","*","Chiffre non officiel"
"FBS","Bilans Alimentaires (2010-)","105","Israël","511","Population totale","2501","Population","2017","2017","1000 personnes","8244","*","Chiffre non officiel"
"FBS","Bilans Alimentaires (2010-)","105","Israël","511","Population totale","2501","Population","2019","2019","1000 personnes","8519","*","Chiffre non officiel"
"FBS","Bilans Alimentaires (2010-)","106","Italie","511","Population totale","2501","Population","2017","2017","1000 personnes","60674","*","Chiffre non officiel"
"FBS","Bilans Alimentaires (2010-)","106","Italie","511","Population totale","2501","Population","2019","2019","1000 personnes","60550","*","Chiffre non officiel"
"FBS","Bilans Alimentaires (2010-)","109","Jamaïque","511","Population totale","2501","Population","2017","2017","1000 personnes","2921","*","Chiffre non officiel"
"FBS","Bilans Alimentaires (2010-)","109","Jamaïque","511","Population totale","2501","Population","2019","2019","1000 personnes","2948","*","Chiffre non officiel"
"FBS","Bilans Alimentaires (2010-)","110","Japon","511","Population totale","2501","Population","2017","2017","1000 personnes","127503","*","Chiffre non officiel"
"FBS","Bilans Alimentaires (2010-)","110","Japon","511","Population totale","2501","Population","2019","2019","1000 personnes","126860","*","Chiffre non officiel"
"FBS","Bilans Alimentaires (2010-)","112","Jordanie","511","Population totale","2501","Population","2017","2017","1000 personnes","9786","*","Chiffre non officiel"
"FBS","Bilans Alimentaires (2010-)","112","Jordanie","511","Population totale","2501","Population","2019","2019","1000 personnes","10102","*","Chiffre non officiel"
"FBS","Bilans Alimentaires (2010-)","108","Kazakhstan","511","Population totale","2501","Population","2017","2017","1000 personnes","18080","*","Chiffre non officiel"
"FBS","Bilans Alimentaires (2010-)","108","Kazakhstan","511","Population totale","2501","Population","2019","2019","1000 personnes","18551","*","Chiffre non officiel"
"FBS","Bilans Alimentaires (2010-)","114","Kenya","511","Population totale","2501","Population","2017","2017","1000 personnes","50221","*","Chiffre non officiel"
"FBS","Bilans Alimentaires (2010-)","114","Kenya","511","Population totale","2501","Population","2019","2019","1000 personnes","52574","*","Chiffre non officiel"
"FBS","Bilans Alimentaires (2010-)","113","Kirghizistan","511","Population totale","2501","Population","2017","2017","1000 personnes","6190","*","Chiffre non officiel"
"FBS","Bilans Alimentaires (2010-)","113","Kirghizistan","511","Population totale","2501","Population","2019","2019","1000 personnes","6416","*","Chiffre non officiel"
"FBS","Bilans Alimentaires (2010-)","83","Kiribati","511","Population totale","2501","Population","2017","2017","1000 personnes","114","*","Chiffre non officiel"
"FBS","Bilans Alimentaires (2010-)","83","Kiribati","511","Population totale","2501","Population","2019","2019","1000 personnes","118","*","Chiffre non officiel"
"FBS","Bilans Alimentaires (2010-)","118","Koweït","511","Population totale","2501","Population","2017","2017","1000 personnes","4056","*","Chiffre non officiel"
"FBS","Bilans Alimentaires (2010-)","118","Koweït","511","Population totale","2501","Population","2019","2019","1000 personnes","4207","*","Chiffre non officiel"
"FBS","Bilans Alimentaires (2010-)","122","Lesotho","511","Population totale","2501","Population","2017","2017","1000 personnes","2092","*","Chiffre non officiel"
"FBS","Bilans Alimentaires (2010-)","122","Lesotho","511","Population totale","2501","Population","2019","2019","1000 personnes","2125","*","Chiffre non officiel"
"FBS","Bilans Alimentaires (2010-)","119","Lettonie","511","Population totale","2501","Population","2017","2017","1000 personnes","1951","*","Chiffre non officiel"
"FBS","Bilans Alimentaires (2010-)","119","Lettonie","511","Population totale","2501","Population","2019","2019","1000 personnes","1907","*","Chiffre non officiel"
"FBS","Bilans Alimentaires (2010-)","121","Liban","511","Population totale","2501","Population","2017","2017","1000 personnes","6819","*","Chiffre non officiel"
"FBS","Bilans Alimentaires (2010-)","121","Liban","511","Population totale","2501","Population","2019","2019","1000 personnes","6856","*","Chiffre non officiel"
"FBS","Bilans Alimentaires (2010-)","123","Libéria","511","Population totale","2501","Population","2017","2017","1000 personnes","4702","*","Chiffre non officiel"
"FBS","Bilans Alimentaires (2010-)","123","Libéria","511","Population totale","2501","Population","2019","2019","1000 personnes","4937","*","Chiffre non officiel"
"FBS","Bilans Alimentaires (2010-)","124","Libye","511","Population totale","2501","Population","2017","2017","1000 personnes","6581","*","Chiffre non officiel"
"FBS","Bilans Alimentaires (2010-)","124","Libye","511","Population totale","2501","Population","2019","2019","1000 personnes","6777","*","Chiffre non officiel"
"FBS","Bilans Alimentaires (2010-)","126","Lituanie","511","Population totale","2501","Population","2017","2017","1000 personnes","2845","*","Chiffre non officiel"
"FBS","Bilans Alimentaires (2010-)","126","Lituanie","511","Population totale","2501","Population","2019","2019","1000 personnes","2760","*","Chiffre non officiel"
"FBS","Bilans Alimentaires (2010-)","256","Luxembourg","511","Population totale","2501","Population","2017","2017","1000 personnes","592","*","Chiffre non officiel"
"FBS","Bilans Alimentaires (2010-)","256","Luxembourg","511","Population totale","2501","Population","2019","2019","1000 personnes","616","*","Chiffre non officiel"
"FBS","Bilans Alimentaires (2010-)","154","Macédoine du Nord","511","Population totale","2501","Population","2017","2017","1000 personnes","2082","*","Chiffre non officiel"
"FBS","Bilans Alimentaires (2010-)","154","Macédoine du Nord","511","Population totale","2501","Population","2019","2019","1000 personnes","2083","*","Chiffre non officiel"
"FBS","Bilans Alimentaires (2010-)","129","Madagascar","511","Population totale","2501","Population","2017","2017","1000 personnes","25571","*","Chiffre non officiel"
"FBS","Bilans Alimentaires (2010-)","129","Madagascar","511","Population totale","2501","Population","2019","2019","1000 personnes","26969","*","Chiffre non officiel"
"FBS","Bilans Alimentaires (2010-)","131","Malaisie","511","Population totale","2501","Population","2017","2017","1000 personnes","31105","*","Chiffre non officiel"
"FBS","Bilans Alimentaires (2010-)","131","Malaisie","511","Population totale","2501","Population","2019","2019","1000 personnes","31950","*","Chiffre non officiel"
"FBS","Bilans Alimentaires (2010-)","130","Malawi","511","Population totale","2501","Population","2017","2017","1000 personnes","17670","*","Chiffre non officiel"
"FBS","Bilans Alimentaires (2010-)","130","Malawi","511","Population totale","2501","Population","2019","2019","1000 personnes","18629","*","Chiffre non officiel"
"FBS","Bilans Alimentaires (2010-)","132","Maldives","511","Population totale","2501","Population","2017","2017","1000 personnes","496","*","Chiffre non officiel"
"FBS","Bilans Alimentaires (2010-)","132","Maldives","511","Population totale","2501","Population","2019","2019","1000 personnes","531","*","Chiffre non officiel"
"FBS","Bilans Alimentaires (2010-)","133","Mali","511","Population totale","2501","Population","2017","2017","1000 personnes","18512","*","Chiffre non officiel"
"FBS","Bilans Alimentaires (2010-)","133","Mali","511","Population totale","2501","Population","2019","2019","1000 personnes","19658","*","Chiffre non officiel"
"FBS","Bilans Alimentaires (2010-)","134","Malte","511","Population totale","2501","Population","2017","2017","1000 personnes","438","*","Chiffre non officiel"
"FBS","Bilans Alimentaires (2010-)","134","Malte","511","Population totale","2501","Population","2019","2019","1000 personnes","440","*","Chiffre non officiel"
"FBS","Bilans Alimentaires (2010-)","143","Maroc","511","Population totale","2501","Population","2017","2017","1000 personnes","35581","*","Chiffre non officiel"
"FBS","Bilans Alimentaires (2010-)","143","Maroc","511","Population totale","2501","Population","2019","2019","1000 personnes","36472","*","Chiffre non officiel"
"FBS","Bilans Alimentaires (2010-)","137","Maurice","511","Population totale","2501","Population","2017","2017","1000 personnes","1264","*","Chiffre non officiel"
"FBS","Bilans Alimentaires (2010-)","137","Maurice","511","Population totale","2501","Population","2019","2019","1000 personnes","1270","*","Chiffre non officiel"
"FBS","Bilans Alimentaires (2010-)","136","Mauritanie","511","Population totale","2501","Population","2017","2017","1000 personnes","4283","*","Chiffre non officiel"
"FBS","Bilans Alimentaires (2010-)","136","Mauritanie","511","Population totale","2501","Population","2019","2019","1000 personnes","4526","*","Chiffre non officiel"
"FBS","Bilans Alimentaires (2010-)","138","Mexique","511","Population totale","2501","Population","2017","2017","1000 personnes","124777","*","Chiffre non officiel"
"FBS","Bilans Alimentaires (2010-)","138","Mexique","511","Population totale","2501","Population","2019","2019","1000 personnes","127576","*","Chiffre non officiel"
"FBS","Bilans Alimentaires (2010-)","141","Mongolie","511","Population totale","2501","Population","2017","2017","1000 personnes","3114","*","Chiffre non officiel"
"FBS","Bilans Alimentaires (2010-)","141","Mongolie","511","Population totale","2501","Population","2019","2019","1000 personnes","3225","*","Chiffre non officiel"
"FBS","Bilans Alimentaires (2010-)","273","Monténégro","511","Population totale","2501","Population","2017","2017","1000 personnes","628","*","Chiffre non officiel"
"FBS","Bilans Alimentaires (2010-)","273","Monténégro","511","Population totale","2501","Population","2019","2019","1000 personnes","628","*","Chiffre non officiel"
"FBS","Bilans Alimentaires (2010-)","144","Mozambique","511","Population totale","2501","Population","2017","2017","1000 personnes","28649","*","Chiffre non officiel"
"FBS","Bilans Alimentaires (2010-)","144","Mozambique","511","Population totale","2501","Population","2019","2019","1000 personnes","30366","*","Chiffre non officiel"
"FBS","Bilans Alimentaires (2010-)","28","Myanmar","511","Population totale","2501","Population","2017","2017","1000 personnes","53383","*","Chiffre non officiel"
"FBS","Bilans Alimentaires (2010-)","28","Myanmar","511","Population totale","2501","Population","2019","2019","1000 personnes","54045","*","Chiffre non officiel"
"FBS","Bilans Alimentaires (2010-)","147","Namibie","511","Population totale","2501","Population","2017","2017","1000 personnes","2403","*","Chiffre non officiel"
"FBS","Bilans Alimentaires (2010-)","147","Namibie","511","Population totale","2501","Population","2019","2019","1000 personnes","2495","*","Chiffre non officiel"
"FBS","Bilans Alimentaires (2010-)","149","Népal","511","Population totale","2501","Population","2017","2017","1000 personnes","27633","*","Chiffre non officiel"
"FBS","Bilans Alimentaires (2010-)","149","Népal","511","Population totale","2501","Population","2019","2019","1000 personnes","28609","*","Chiffre non officiel"
"FBS","Bilans Alimentaires (2010-)","157","Nicaragua","511","Population totale","2501","Population","2017","2017","1000 personnes","6385","*","Chiffre non officiel"
"FBS","Bilans Alimentaires (2010-)","157","Nicaragua","511","Population totale","2501","Population","2019","2019","1000 personnes","6546","*","Chiffre non officiel"
"FBS","Bilans Alimentaires (2010-)","158","Niger","511","Population totale","2501","Population","2017","2017","1000 personnes","21602","*","Chiffre non officiel"
"FBS","Bilans Alimentaires (2010-)","158","Niger","511","Population totale","2501","Population","2019","2019","1000 personnes","23311","*","Chiffre non officiel"
"FBS","Bilans Alimentaires (2010-)","159","Nigéria","511","Population totale","2501","Population","2017","2017","1000 personnes","190873","*","Chiffre non officiel"
"FBS","Bilans Alimentaires (2010-)","159","Nigéria","511","Population totale","2501","Population","2019","2019","1000 personnes","200964","*","Chiffre non officiel"
"FBS","Bilans Alimentaires (2010-)","162","Norvège","511","Population totale","2501","Population","2017","2017","1000 personnes","5296","*","Chiffre non officiel"
"FBS","Bilans Alimentaires (2010-)","162","Norvège","511","Population totale","2501","Population","2019","2019","1000 personnes","5379","*","Chiffre non officiel"
"FBS","Bilans Alimentaires (2010-)","153","Nouvelle-Calédonie","511","Population totale","2501","Population","2017","2017","1000 personnes","277","*","Chiffre non officiel"
"FBS","Bilans Alimentaires (2010-)","153","Nouvelle-Calédonie","511","Population totale","2501","Population","2019","2019","1000 personnes","283","*","Chiffre non officiel"
"FBS","Bilans Alimentaires (2010-)","156","Nouvelle-Zélande","511","Population totale","2501","Population","2017","2017","1000 personnes","4702","*","Chiffre non officiel"
"FBS","Bilans Alimentaires (2010-)","156","Nouvelle-Zélande","511","Population totale","2501","Population","2019","2019","1000 personnes","4783","*","Chiffre non officiel"
"FBS","Bilans Alimentaires (2010-)","221","Oman","511","Population totale","2501","Population","2017","2017","1000 personnes","4666","*","Chiffre non officiel"
"FBS","Bilans Alimentaires (2010-)","221","Oman","511","Population totale","2501","Population","2019","2019","1000 personnes","4975","*","Chiffre non officiel"
"FBS","Bilans Alimentaires (2010-)","226","Ouganda","511","Population totale","2501","Population","2017","2017","1000 personnes","41167","*","Chiffre non officiel"
"FBS","Bilans Alimentaires (2010-)","226","Ouganda","511","Population totale","2501","Population","2019","2019","1000 personnes","44270","*","Chiffre non officiel"
"FBS","Bilans Alimentaires (2010-)","235","Ouzbékistan","511","Population totale","2501","Population","2017","2017","1000 personnes","31960","*","Chiffre non officiel"
"FBS","Bilans Alimentaires (2010-)","235","Ouzbékistan","511","Population totale","2501","Population","2019","2019","1000 personnes","32982","*","Chiffre non officiel"
"FBS","Bilans Alimentaires (2010-)","165","Pakistan","511","Population totale","2501","Population","2017","2017","1000 personnes","207906","*","Chiffre non officiel"
"FBS","Bilans Alimentaires (2010-)","165","Pakistan","511","Population totale","2501","Population","2019","2019","1000 personnes","216565","*","Chiffre non officiel"
"FBS","Bilans Alimentaires (2010-)","166","Panama","511","Population totale","2501","Population","2017","2017","1000 personnes","4107","*","Chiffre non officiel"
"FBS","Bilans Alimentaires (2010-)","166","Panama","511","Population totale","2501","Population","2019","2019","1000 personnes","4246","*","Chiffre non officiel"
"FBS","Bilans Alimentaires (2010-)","168","Papouasie-Nouvelle-Guinée","511","Population totale","2501","Population","2017","2017","1000 personnes","8438","*","Chiffre non officiel"
"FBS","Bilans Alimentaires (2010-)","168","Papouasie-Nouvelle-Guinée","511","Population totale","2501","Population","2019","2019","1000 personnes","8776","*","Chiffre non officiel"
"FBS","Bilans Alimentaires (2010-)","169","Paraguay","511","Population totale","2501","Population","2017","2017","1000 personnes","6867","*","Chiffre non officiel"
"FBS","Bilans Alimentaires (2010-)","169","Paraguay","511","Population totale","2501","Population","2019","2019","1000 personnes","7045","*","Chiffre non officiel"
"FBS","Bilans Alimentaires (2010-)","150","Pays-Bas","511","Population totale","2501","Population","2017","2017","1000 personnes","17021","*","Chiffre non officiel"
"FBS","Bilans Alimentaires (2010-)","150","Pays-Bas","511","Population totale","2501","Population","2019","2019","1000 personnes","17097","*","Chiffre non officiel"
"FBS","Bilans Alimentaires (2010-)","170","Pérou","511","Population totale","2501","Population","2017","2017","1000 personnes","31444","*","Chiffre non officiel"
"FBS","Bilans Alimentaires (2010-)","170","Pérou","511","Population totale","2501","Population","2019","2019","1000 personnes","32510","*","Chiffre non officiel"
"FBS","Bilans Alimentaires (2010-)","171","Philippines","511","Population totale","2501","Population","2017","2017","1000 personnes","105173","*","Chiffre non officiel"
"FBS","Bilans Alimentaires (2010-)","171","Philippines","511","Population totale","2501","Population","2019","2019","1000 personnes","108117","*","Chiffre non officiel"
"FBS","Bilans Alimentaires (2010-)","173","Pologne","511","Population totale","2501","Population","2017","2017","1000 personnes","37953","*","Chiffre non officiel"
"FBS","Bilans Alimentaires (2010-)","173","Pologne","511","Population totale","2501","Population","2019","2019","1000 personnes","37888","*","Chiffre non officiel"
"FBS","Bilans Alimentaires (2010-)","70","Polynésie française","511","Population totale","2501","Population","2017","2017","1000 personnes","276","*","Chiffre non officiel"
"FBS","Bilans Alimentaires (2010-)","70","Polynésie française","511","Population totale","2501","Population","2019","2019","1000 personnes","279","*","Chiffre non officiel"
"FBS","Bilans Alimentaires (2010-)","174","Portugal","511","Population totale","2501","Population","2017","2017","1000 personnes","10289","*","Chiffre non officiel"
"FBS","Bilans Alimentaires (2010-)","174","Portugal","511","Population totale","2501","Population","2019","2019","1000 personnes","10226","*","Chiffre non officiel"
"FBS","Bilans Alimentaires (2010-)","212","République arabe syrienne","511","Population totale","2501","Population","2017","2017","1000 personnes","17096","*","Chiffre non officiel"
"FBS","Bilans Alimentaires (2010-)","212","République arabe syrienne","511","Population totale","2501","Population","2019","2019","1000 personnes","17070","*","Chiffre non officiel"
"FBS","Bilans Alimentaires (2010-)","37","République centrafricaine","511","Population totale","2501","Population","2017","2017","1000 personnes","4596","*","Chiffre non officiel"
"FBS","Bilans Alimentaires (2010-)","37","République centrafricaine","511","Population totale","2501","Population","2019","2019","1000 personnes","4745","*","Chiffre non officiel"
"FBS","Bilans Alimentaires (2010-)","117","République de Corée","511","Population totale","2501","Population","2017","2017","1000 personnes","51096","*","Chiffre non officiel"
"FBS","Bilans Alimentaires (2010-)","117","République de Corée","511","Population totale","2501","Population","2019","2019","1000 personnes","51225","*","Chiffre non officiel"
"FBS","Bilans Alimentaires (2010-)","146","République de Moldova","511","Population totale","2501","Population","2017","2017","1000 personnes","4060","*","Chiffre non officiel"
"FBS","Bilans Alimentaires (2010-)","146","République de Moldova","511","Population totale","2501","Population","2019","2019","1000 personnes","4043","*","Chiffre non officiel"
"FBS","Bilans Alimentaires (2010-)","250","République démocratique du Congo","511","Population totale","2501","Population","2017","2017","1000 personnes","81399","*","Chiffre non officiel"
"FBS","Bilans Alimentaires (2010-)","250","République démocratique du Congo","511","Population totale","2501","Population","2019","2019","1000 personnes","86791","*","Chiffre non officiel"
"FBS","Bilans Alimentaires (2010-)","120","République démocratique populaire lao","511","Population totale","2501","Population","2017","2017","1000 personnes","6953","*","Chiffre non officiel"
"FBS","Bilans Alimentaires (2010-)","120","République démocratique populaire lao","511","Population totale","2501","Population","2019","2019","1000 personnes","7169","*","Chiffre non officiel"
"FBS","Bilans Alimentaires (2010-)","56","République dominicaine","511","Population totale","2501","Population","2017","2017","1000 personnes","10513","*","Chiffre non officiel"
"FBS","Bilans Alimentaires (2010-)","56","République dominicaine","511","Population totale","2501","Population","2019","2019","1000 personnes","10739","*","Chiffre non officiel"
"FBS","Bilans Alimentaires (2010-)","116","République populaire démocratique de Corée","511","Population totale","2501","Population","2017","2017","1000 personnes","25430","*","Chiffre non officiel"
"FBS","Bilans Alimentaires (2010-)","116","République populaire démocratique de Corée","511","Population totale","2501","Population","2019","2019","1000 personnes","25666","*","Chiffre non officiel"
"FBS","Bilans Alimentaires (2010-)","215","République-Unie de Tanzanie","511","Population totale","2501","Population","2017","2017","1000 personnes","54660","*","Chiffre non officiel"
"FBS","Bilans Alimentaires (2010-)","215","République-Unie de Tanzanie","511","Population totale","2501","Population","2019","2019","1000 personnes","58005","*","Chiffre non officiel"
"FBS","Bilans Alimentaires (2010-)","183","Roumanie","511","Population totale","2501","Population","2017","2017","1000 personnes","19654","*","Chiffre non officiel"
"FBS","Bilans Alimentaires (2010-)","183","Roumanie","511","Population totale","2501","Population","2019","2019","1000 personnes","19365","*","Chiffre non officiel"
"FBS","Bilans Alimentaires (2010-)","229","Royaume-Uni de Grande-Bretagne et d'Irlande du Nord","511","Population totale","2501","Population","2017","2017","1000 personnes","66727","*","Chiffre non officiel"
"FBS","Bilans Alimentaires (2010-)","229","Royaume-Uni de Grande-Bretagne et d'Irlande du Nord","511","Population totale","2501","Population","2019","2019","1000 personnes","67530","*","Chiffre non officiel"
"FBS","Bilans Alimentaires (2010-)","184","Rwanda","511","Population totale","2501","Population","2017","2017","1000 personnes","11981","*","Chiffre non officiel"
"FBS","Bilans Alimentaires (2010-)","184","Rwanda","511","Population totale","2501","Population","2019","2019","1000 personnes","12627","*","Chiffre non officiel"
"FBS","Bilans Alimentaires (2010-)","189","Sainte-Lucie","511","Population totale","2501","Population","2017","2017","1000 personnes","181","*","Chiffre non officiel"
"FBS","Bilans Alimentaires (2010-)","189","Sainte-Lucie","511","Population totale","2501","Population","2019","2019","1000 personnes","183","*","Chiffre non officiel"
"FBS","Bilans Alimentaires (2010-)","188","Saint-Kitts-et-Nevis","511","Population totale","2501","Population","2017","2017","1000 personnes","52","*","Chiffre non officiel"
"FBS","Bilans Alimentaires (2010-)","188","Saint-Kitts-et-Nevis","511","Population totale","2501","Population","2019","2019","1000 personnes","53","*","Chiffre non officiel"
"FBS","Bilans Alimentaires (2010-)","191","Saint-Vincent-et-les Grenadines","511","Population totale","2501","Population","2017","2017","1000 personnes","110","*","Chiffre non officiel"
"FBS","Bilans Alimentaires (2010-)","191","Saint-Vincent-et-les Grenadines","511","Population totale","2501","Population","2019","2019","1000 personnes","111","*","Chiffre non officiel"
"FBS","Bilans Alimentaires (2010-)","244","Samoa","511","Population totale","2501","Population","2017","2017","1000 personnes","195","*","Chiffre non officiel"
"FBS","Bilans Alimentaires (2010-)","244","Samoa","511","Population totale","2501","Population","2019","2019","1000 personnes","197","*","Chiffre non officiel"
"FBS","Bilans Alimentaires (2010-)","193","Sao Tomé-et-Principe","511","Population totale","2501","Population","2017","2017","1000 personnes","207","*","Chiffre non officiel"
"FBS","Bilans Alimentaires (2010-)","193","Sao Tomé-et-Principe","511","Population totale","2501","Population","2019","2019","1000 personnes","215","*","Chiffre non officiel"
"FBS","Bilans Alimentaires (2010-)","195","Sénégal","511","Population totale","2501","Population","2017","2017","1000 personnes","15419","*","Chiffre non officiel"
"FBS","Bilans Alimentaires (2010-)","195","Sénégal","511","Population totale","2501","Population","2019","2019","1000 personnes","16296","*","Chiffre non officiel"
"FBS","Bilans Alimentaires (2010-)","272","Serbie","511","Population totale","2501","Population","2017","2017","1000 personnes","8830","*","Chiffre non officiel"
"FBS","Bilans Alimentaires (2010-)","272","Serbie","511","Population totale","2501","Population","2019","2019","1000 personnes","8772","*","Chiffre non officiel"
"FBS","Bilans Alimentaires (2010-)","196","Seychelles","511","Population totale","2501","Population","2017","2017","1000 personnes","96","*","Chiffre non officiel"
"FBS","Bilans Alimentaires (2010-)","196","Seychelles","511","Population totale","2501","Population","2019","2019","1000 personnes","98","*","Chiffre non officiel"
"FBS","Bilans Alimentaires (2010-)","197","Sierra Leone","511","Population totale","2501","Population","2017","2017","1000 personnes","7488","*","Chiffre non officiel"
"FBS","Bilans Alimentaires (2010-)","197","Sierra Leone","511","Population totale","2501","Population","2019","2019","1000 personnes","7813","*","Chiffre non officiel"
"FBS","Bilans Alimentaires (2010-)","199","Slovaquie","511","Population totale","2501","Population","2017","2017","1000 personnes","5448","*","Chiffre non officiel"
"FBS","Bilans Alimentaires (2010-)","199","Slovaquie","511","Population totale","2501","Population","2019","2019","1000 personnes","5457","*","Chiffre non officiel"
"FBS","Bilans Alimentaires (2010-)","198","Slovénie","511","Population totale","2501","Population","2017","2017","1000 personnes","2076","*","Chiffre non officiel"
"FBS","Bilans Alimentaires (2010-)","198","Slovénie","511","Population totale","2501","Population","2019","2019","1000 personnes","2079","*","Chiffre non officiel"
"FBS","Bilans Alimentaires (2010-)","276","Soudan","511","Population totale","2501","Population","2017","2017","1000 personnes","40813","*","Chiffre non officiel"
"FBS","Bilans Alimentaires (2010-)","276","Soudan","511","Population totale","2501","Population","2019","2019","1000 personnes","42813","*","Chiffre non officiel"
"FBS","Bilans Alimentaires (2010-)","38","Sri Lanka","511","Population totale","2501","Population","2017","2017","1000 personnes","21128","*","Chiffre non officiel"
"FBS","Bilans Alimentaires (2010-)","38","Sri Lanka","511","Population totale","2501","Population","2019","2019","1000 personnes","21324","*","Chiffre non officiel"
"FBS","Bilans Alimentaires (2010-)","210","Suède","511","Population totale","2501","Population","2017","2017","1000 personnes","9905","*","Chiffre non officiel"
"FBS","Bilans Alimentaires (2010-)","210","Suède","511","Population totale","2501","Population","2019","2019","1000 personnes","10036","*","Chiffre non officiel"
"FBS","Bilans Alimentaires (2010-)","211","Suisse","511","Population totale","2501","Population","2017","2017","1000 personnes","8456","*","Chiffre non officiel"
"FBS","Bilans Alimentaires (2010-)","211","Suisse","511","Population totale","2501","Population","2019","2019","1000 personnes","8591","*","Chiffre non officiel"
"FBS","Bilans Alimentaires (2010-)","207","Suriname","511","Population totale","2501","Population","2017","2017","1000 personnes","570","*","Chiffre non officiel"
"FBS","Bilans Alimentaires (2010-)","207","Suriname","511","Population totale","2501","Population","2019","2019","1000 personnes","581","*","Chiffre non officiel"
"FBS","Bilans Alimentaires (2010-)","208","Tadjikistan","511","Population totale","2501","Population","2017","2017","1000 personnes","8880","*","Chiffre non officiel"
"FBS","Bilans Alimentaires (2010-)","208","Tadjikistan","511","Population totale","2501","Population","2019","2019","1000 personnes","9321","*","Chiffre non officiel"
"FBS","Bilans Alimentaires (2010-)","39","Tchad","511","Population totale","2501","Population","2017","2017","1000 personnes","15017","*","Chiffre non officiel"
"FBS","Bilans Alimentaires (2010-)","39","Tchad","511","Population totale","2501","Population","2019","2019","1000 personnes","15947","*","Chiffre non officiel"
"FBS","Bilans Alimentaires (2010-)","167","Tchéquie","511","Population totale","2501","Population","2017","2017","1000 personnes","10641","*","Chiffre non officiel"
"FBS","Bilans Alimentaires (2010-)","167","Tchéquie","511","Population totale","2501","Population","2019","2019","1000 personnes","10689","*","Chiffre non officiel"
"FBS","Bilans Alimentaires (2010-)","216","Thaïlande","511","Population totale","2501","Population","2017","2017","1000 personnes","69210","*","Chiffre non officiel"
"FBS","Bilans Alimentaires (2010-)","216","Thaïlande","511","Population totale","2501","Population","2019","2019","1000 personnes","69626","*","Chiffre non officiel"
"FBS","Bilans Alimentaires (2010-)","176","Timor-Leste","511","Population totale","2501","Population","2017","2017","1000 personnes","1243","*","Chiffre non officiel"
"FBS","Bilans Alimentaires (2010-)","176","Timor-Leste","511","Population totale","2501","Population","2019","2019","1000 personnes","1293","*","Chiffre non officiel"
"FBS","Bilans Alimentaires (2010-)","217","Togo","511","Population totale","2501","Population","2017","2017","1000 personnes","7698","*","Chiffre non officiel"
"FBS","Bilans Alimentaires (2010-)","217","Togo","511","Population totale","2501","Population","2019","2019","1000 personnes","8082","*","Chiffre non officiel"
"FBS","Bilans Alimentaires (2010-)","220","Trinité-et-Tobago","511","Population totale","2501","Population","2017","2017","1000 personnes","1384","*","Chiffre non officiel"
"FBS","Bilans Alimentaires (2010-)","220","Trinité-et-Tobago","511","Population totale","2501","Population","2019","2019","1000 personnes","1395","*","Chiffre non officiel"
"FBS","Bilans Alimentaires (2010-)","222","Tunisie","511","Population totale","2501","Population","2017","2017","1000 personnes","11433","*","Chiffre non officiel"
"FBS","Bilans Alimentaires (2010-)","222","Tunisie","511","Population totale","2501","Population","2019","2019","1000 personnes","11695","*","Chiffre non officiel"
"FBS","Bilans Alimentaires (2010-)","213","Turkménistan","511","Population totale","2501","Population","2017","2017","1000 personnes","5758","*","Chiffre non officiel"
"FBS","Bilans Alimentaires (2010-)","213","Turkménistan","511","Population totale","2501","Population","2019","2019","1000 personnes","5942","*","Chiffre non officiel"
"FBS","Bilans Alimentaires (2010-)","223","Turquie","511","Population totale","2501","Population","2017","2017","1000 personnes","81116","*","Chiffre non officiel"
"FBS","Bilans Alimentaires (2010-)","223","Turquie","511","Population totale","2501","Population","2019","2019","1000 personnes","83430","*","Chiffre non officiel"
"FBS","Bilans Alimentaires (2010-)","230","Ukraine","511","Population totale","2501","Population","2017","2017","1000 personnes","44488","*","Chiffre non officiel"
"FBS","Bilans Alimentaires (2010-)","230","Ukraine","511","Population totale","2501","Population","2019","2019","1000 personnes","43994","*","Chiffre non officiel"
"FBS","Bilans Alimentaires (2010-)","234","Uruguay","511","Population totale","2501","Population","2017","2017","1000 personnes","3437","*","Chiffre non officiel"
"FBS","Bilans Alimentaires (2010-)","234","Uruguay","511","Population totale","2501","Population","2019","2019","1000 personnes","3462","*","Chiffre non officiel"
"FBS","Bilans Alimentaires (2010-)","155","Vanuatu","511","Population totale","2501","Population","2017","2017","1000 personnes","286","*","Chiffre non officiel"
"FBS","Bilans Alimentaires (2010-)","155","Vanuatu","511","Population totale","2501","Population","2019","2019","1000 personnes","300","*","Chiffre non officiel"
"FBS","Bilans Alimentaires (2010-)","236","Venezuela (République bolivarienne du)","511","Population totale","2501","Population","2017","2017","1000 personnes","29402","*","Chiffre non officiel"
"FBS","Bilans Alimentaires (2010-)","236","Venezuela (République bolivarienne du)","511","Population totale","2501","Population","2019","2019","1000 personnes","28516","*","Chiffre non officiel"
"FBS","Bilans Alimentaires (2010-)","237","Viet Nam","511","Population totale","2501","Population","2017","2017","1000 personnes","94601","*","Chiffre non officiel"
"FBS","Bilans Alimentaires (2010-)","237","Viet Nam","511","Population totale","2501","Population","2019","2019","1000 personnes","96462","*","Chiffre non officiel"
"FBS","Bilans Alimentaires (2010-)","249","Yémen","511","Population totale","2501","Population","2017","2017","1000 personnes","27835","*","Chiffre non officiel"
"FBS","Bilans Alimentaires (2010-)","249","Yémen","511","Population totale","2501","Population","2019","2019","1000 personnes","29162","*","Chiffre non officiel"
"FBS","Bilans Alimentaires (2010-)","251","Zambie","511","Population totale","2501","Population","2017","2017","1000 personnes","16854","*","Chiffre non officiel"
"FBS","Bilans Alimentaires (2010-)","251","Zambie","511","Population totale","2501","Population","2019","2019","1000 personnes","17861","*","Chiffre non officiel"
"FBS","Bilans Alimentaires (2010-)","181","Zimbabwe","511","Population totale","2501","Population","2017","2017","1000 personnes","14237","*","Chiffre non officiel"
"FBS","Bilans Alimentaires (2010-)","181","Zimbabwe","511","Population totale","2501","Population","2019","2019","1000 personnes","14645","*","Chiffre non officiel"
